guid,email,action_type,action_count
efbbd29c-cc92-562f-99cc-d9e23cd2e53b,zehked@gevveepi.bd,about,9
4b7c4c53-2e13-5f84-ad28-14e922f4c9e3,salome@kaijepuh.ru,news,2
32adbfcc-d37b-5ed1-86ce-901f99a3809c,wadu@guru.kz,about,9
ffd7b93a-155b-5cd0-9379-a3c80f242b8f,diahuze@lovud.ms,news,5
5945fce6-75bf-5f6b-ac68-c0b3ea97b4c1,fulfobnob@wot.it,about,5
96691aa3-a113-5949-8394-e6d713f093e8,bimogo@bag.ss,about,9
2b333a05-9c95-5500-86cf-502fe23823f9,gi@ka.zw,contact,1
9f68d47d-13bf-5b0d-9256-5167c7e1632a,caglom@fehazol.mw,news,4
0856543c-59c5-5d2a-8538-4b6000974f9b,lub@ehni.ly,about,1
10e72576-26a7-55ae-873a-26f59e8fe469,kihitraj@jic.nr,about,7
ce6de889-697e-5e93-8319-4db0e6d807d7,demmar@suil.it,contact,7
2d08b357-8e08-55aa-8512-eb6f4ee7e473,raj@vud.si,news,9
bcd265ba-c709-5242-9cbf-d854caa76367,soroc@uju.gr,about,7
f53f11d4-3c8f-5569-a232-832d4c806b19,tazeg@juv.il,news,8
17bf0f8b-d2f3-5fcd-ab30-141f4df74ed1,pibjecev@ijpalgaj.rw,contact,8
89b814ee-e3ae-56ce-9d4c-92822c664653,mowzip@em.sv,contact,7
7e1b1b77-04f9-52a6-8159-11c7544d0d42,vok@fup.gd,contact,7
c1f5d00f-da7e-5dbd-bcd6-faf05f189604,nodewben@pit.sk,news,9
5a57c99c-3104-5287-a891-34dcbaa2e990,hito@lak.dj,news,2
d26d0d2c-585d-5ae0-8c1c-eeff146d8da4,vikakre@gifwi.qa,contact,9
ba951ee4-f853-535d-8925-7f167e15260f,tisoj@neh.fr,news,9
4f14def0-6738-5a89-8abc-6ea1cc3368d3,bijulki@huwo.nc,contact,2
256369d3-39ce-5693-961b-ed8acbbbb929,casoh@bumigino.yt,news,5
72a44265-7750-5449-a367-3d4e8caa36ab,mudu@wop.jp,about,9
0de7eafc-6460-5cd4-8b11-648bfc7e69dd,henteg@kos.org,contact,6
0c840d26-44b2-5192-aa61-141f8168064f,pit@gik.ss,contact,5
4040e3e3-7a83-5783-bade-7934f0e3a7a2,soezopi@ehjewdu.com,contact,6
84b145c4-7ffe-5da9-a105-8245c6a8d8c0,culrezo@coljoz.tc,news,9
e805bba3-bf8d-5a7e-accc-7e530b18d8a0,jahninev@gamdeve.hn,about,2
df303785-c108-5de9-9fbc-e31b18db07a8,rekej@uc.mu,news,3
f228e7e8-bf0e-5062-83bd-df1f32a65d4c,oremip@dadtiz.ck,about,2
fd7352a7-5e08-58e5-893b-fdb7ea5e4d85,wo@nirwu.bg,about,7
63208288-957e-5156-bdb3-a1b47e782aa2,fuki@ci.mg,contact,3
397ffa75-9838-5bcc-9cde-a34176e41dd1,nus@beranga.zm,contact,5
66517733-18d5-5de2-b3a9-476e28634fab,ozmomga@hukov.mx,news,7
ea93831e-3ae7-5643-bed4-08ef1133a1d8,ecudo@tetog.edu,about,7
b5e77de8-16b6-5dc9-90d1-4a150de29e3b,bobuaku@tol.ch,about,5
c70e79d9-03ee-5c36-b167-2a60bd89af51,leri@ga.co.uk,contact,1
20568d9e-51fe-535e-977f-58e86f67cbae,iwiamu@cuol.cc,contact,3
6f4d0698-c2a1-5973-a426-4f2666bce362,tino@vot.ht,contact,4
f385ac96-fb0a-5eeb-b5d6-0bc988b92701,to@so.cg,about,6
eb636465-e85c-5db1-9593-39ad0b624552,je@efa.au,about,3
c48f0e28-52ca-5476-b0da-1b2a32ad3fb2,agudofpuw@pugkotav.bh,news,3
946e5e06-2275-5d4b-9ace-756e4ca71e6a,nucjel@ajauvil.gu,news,3
a0d02ab4-5f83-5479-915c-9ced9644b2a7,cutesru@hod.yt,contact,4
6489b7b3-6a5e-5923-8e14-ce2118ca46a4,togifom@ukzer.io,about,3
2afa3b6b-c36b-5708-b4ab-7cc9c17caf25,hajo@beheri.sy,about,4
5dcd2d2c-7dfb-5ea5-b4e0-a84e2430acf5,jijal@evojo.tm,news,2
d2320967-83a0-5791-add6-287272c56410,aknotse@un.ss,news,5
b60a02ee-1c24-5106-a95e-ac2f9669664a,pehe@wapegun.er,contact,8
02d740e9-18d7-5cca-855f-a084a516a113,jahpup@pat.cy,news,5
cdd1ec1a-bf86-5f56-bc48-97d94f459c8c,if@bepuvhu.au,contact,6
036b3854-f9b9-52f7-ae11-3a909a25c6c3,epsacib@colsatur.ge,about,6
df302eea-6aab-5831-883b-bde7fa75b17d,efbo@tedic.ck,about,6
d769b68c-279e-51f3-b77a-3c70934615b5,kusot@zasopow.gd,news,5
c66d9bf1-c360-5ff8-ad47-9811130d10a1,him@sekoim.ao,about,7
98cf922b-b22c-5255-a23e-eff03b77f92f,uzhe@ika.ie,news,6
71cd166b-ba58-59f7-9195-4ccd4b21ea40,li@hosatof.cf,news,2
0fbdce52-c4ee-5bde-82bf-9e0e56affba6,degirigo@seabu.au,about,5
ce412400-febe-5027-af37-7554f6b8b5bc,nunzug@kiuje.tm,contact,3
7d869671-6666-5ec3-8682-6968a4f7e4f7,zagokoike@luf.hn,about,7
9ce015d5-ab38-58ed-94fc-907dadf23883,jomid@vim.bh,contact,3
823cc871-b721-5551-9842-9ed27dccf4d7,tivewa@sacon.cr,contact,2
d78a33e1-c1c9-5c9b-8349-fbe9936d9350,bosordi@sib.jp,contact,1
e566b3c1-a1c1-59a4-abd1-d40fa960cbd9,ciw@nulpo.ne,news,4
1abd4e20-cefe-5ea4-b8d6-2738a40a0d3c,zegfetit@ruugiwef.au,contact,2
9420172e-4812-5324-93fe-1cf7c8a7bad6,izkoni@cozlo.br,contact,3
ce1bd207-f56b-58ab-b0a6-43a78e4fff4a,noblu@isi.aw,about,9
5811de3e-a2f9-5646-a4b6-0f1c7716fad6,nekzuj@naltihnug.ar,contact,5
7ea64b61-549f-5f9b-9df9-9aa64f9f4425,kiguk@wuvnepin.org,contact,7
b73f6fe7-b003-5eec-b2a5-6fa280da2eab,mapjerbif@malmajsaw.gm,about,3
faf74005-078b-5ad9-a16e-b399f07b90ca,pok@kofo.lc,news,6
2d37321e-f3b0-5c4b-8aac-19d4a9c312b5,zozbi@dipili.gr,news,7
2d05d417-3b92-5e6d-b33b-81d0f3aec3e5,et@leuz.is,news,5
5d7829a5-455d-568c-8a6b-7210e44d0ab3,losak@riplidri.br,about,4
869d5776-92e6-5c98-8116-7e9442133e59,veb@sewta.mn,news,3
e760ac32-dc98-5206-8f05-4615e9fc487b,hikojij@lulrinab.bq,about,1
65089e4b-6c18-5207-9631-c8ee6e718387,ocme@pagdurili.vu,news,2
5978ee97-1ac7-5c0b-903a-410f0044e57c,eriaj@zumochec.st,contact,9
c098ab0d-c054-5dbb-8a11-bf22effac905,leano@relfohlum.kz,contact,3
879933d6-9d53-5cc5-9bc3-fb62a64d84d6,tatze@voeju.bg,contact,6
6b64e6c8-b55e-542c-b31a-ef7b1612b8da,iv@igiwa.rw,about,3
c58c7700-5ac8-5289-8be2-f9268174f833,mos@nupoid.ye,contact,5
8790ee3c-c6b8-564e-9a6b-87b292f8ff93,mez@inde.pg,about,5
b37eea64-650c-52e1-9b0b-40fd15276429,ocror@diunu.is,news,4
fdffb076-8e7e-5189-a1f5-2e98d04d9c55,ido@omoma.kp,contact,6
85485491-c584-5c64-84b8-1417fc52b4dc,juvgelle@dufu.mn,about,4
899e59b6-4b60-5599-8ff9-e2e835bc36bf,zerepa@he.vg,contact,7
1d3bd957-16ea-5467-8d0f-b8a8052cd7df,zow@fumazib.ca,contact,2
0a325ad5-d8db-560f-8b51-50ab0da24f3a,leugari@afenire.bv,about,6
e0a2bd9a-0372-5f59-9cdb-b1f5cda5d302,hes@ena.as,news,8
336a85e5-c898-5e1c-8035-2c78803e8295,ver@opa.sh,news,9
22263bb5-5a62-52c0-a8a8-faaac61cf941,haiso@herowid.tc,news,8
51d5ac2f-e4b2-5766-9952-3e3447bf3ecb,he@cilihi.ba,news,5
166b7c32-01a0-5ede-b438-6d5c198683fe,or@vobi.ug,contact,8
158ed2b0-0b49-541d-9514-1993ac09ab17,ihsir@likgahip.si,about,2
ff6c68e9-f63b-5958-a331-7dae31bb53d7,wivol@bufdildob.ps,about,4
81aafdd1-8228-56d7-8370-b6a20f932d21,kuv@mir.bo,contact,8
c6153136-ecba-5e67-8e05-3e8541c23077,gebucahe@rivsot.sr,contact,6
29270567-259a-5ab9-8d4d-82f680473575,rozome@he.ci,about,1
6f7a9507-fa68-5196-8562-6a16638db899,rudo@dizsuwuw.gq,contact,8
6f13a851-f72c-5eae-b192-1a047adc3041,ziomutam@idro.cr,contact,3
25959bb4-ffe8-54d4-882d-63db060bb872,tazejo@jo.mu,contact,2
e7b64750-64a7-5688-96a4-21553d084f7a,fipsuhi@kehramuh.ax,contact,4
752ed606-f226-5b75-b0e9-abcb51298cee,siave@hoec.sa,news,1
70c369aa-92eb-5abc-9ba8-48bf1c671f84,eda@apfac.st,news,9
57251726-8e08-5c73-be2d-b370dabc3928,luwa@lorgu.lu,contact,4
7e4a6518-7a7b-5f29-ab8e-d1f118ef8696,wufinjal@wolramtuf.er,contact,8
e764badc-5370-50fc-b2a5-308cceef1ae2,todjij@vuhinwi.nu,news,3
40fccb6f-3cdc-5fbc-8aed-e273408801fd,azebu@zidtob.il,news,7
9d220629-e9c0-5a10-ab38-89d46964a0a3,wohuno@hokopih.ae,news,5
c906d160-a90c-505d-8e05-785a22249edc,jebcipmo@rubo.ax,contact,2
fa8d707b-b684-5bdb-9697-6a9e9db223ba,lovgecmi@nojeare.ae,news,7
c3f5bf9f-c697-53d9-93c4-22307dc116e4,tedtogkel@vufhah.bw,about,1
bd44343a-6f27-598a-ade6-b2cf1941b878,pa@mu.je,news,4
179f9f74-f427-5c08-911b-e0c74daebce1,em@vov.kp,contact,9
de326efe-4477-5c4c-9b8b-a16f466b0080,gupenufe@ba.gt,about,9
a4eec3e5-edcc-5c77-bbac-5a0cb315de27,eko@jofwizeb.pg,news,2
ec0c52e5-6c12-5680-9e9b-6337d0cc9a5d,coto@zecfiunu.dm,contact,8
7bb7a1d7-4e3f-5cc4-8ac2-175adbef4aa3,jap@himjogto.fi,contact,1
f05badda-6ef2-5063-b1f8-9d8d3669f755,uvuw@cifuzub.by,news,1
a10420f4-0a81-5fce-ad8c-e88bd0c7b28e,rucewoji@cozsaj.fi,about,5
f078d8b7-3ea7-5b36-9b69-caf572fd5735,cosub@niketuf.yt,about,6
ce73f694-4669-5c0a-abc3-61515d36e6f1,usugudeh@maiju.fm,about,2
1e2308a4-fc39-577e-b508-1b86fdf4023c,va@im.an,contact,3
121daa1b-8080-5f11-b2b6-d937110892c2,gam@cepdimwej.fj,contact,7
377e56b9-3ede-58ba-afee-3e97e1382e33,zikafija@fon.cc,about,9
f55723e5-97ed-5629-871a-e550aa40c8ad,takutasi@lu.hk,about,7
d5789e52-8270-5ad9-b69f-b4227eae4236,nazagfac@medsasjuw.ng,news,1
6d92c205-071a-58b3-97b1-fb860d89edf4,hiv@fovnolzak.ad,news,9
668f1e29-0dc4-5e15-a906-f77b23cadc40,parte@pu.bi,about,2
59861363-7076-53c5-9476-ac7db2748abc,vimodno@ziv.mg,about,6
93d83a79-769f-510d-b81b-b18af42472c4,fipo@ji.gw,news,3
8dcc4823-f4e9-5dcc-8ebf-0e0469acb19f,ebower@vig.am,news,4
78be711c-1be0-515a-ad9a-e158c147def7,olvip@usidomma.tv,news,6
1554c61a-7710-58e2-bec8-834e156ed04f,be@tifwuvud.bs,news,8
d03e4157-80fc-59e7-b426-5926f62f8398,paculauk@mojef.uk,news,5
07b79560-3048-58f7-bb52-05b96e7cb02d,hifap@za.ua,about,6
df9aed8a-93fe-555c-a2da-9974f24819db,uzaiwate@ufa.mq,about,6
a421eb8c-241e-5d83-8df6-dc735f5363a4,zofcavze@agsigok.cg,contact,6
d0d2e660-4393-584a-a30e-3ae4e8efb0e6,zetdafac@vero.la,news,3
c18055b7-72af-5a84-8534-e7f334faaed9,ipuwkej@uwfi.et,about,5
136c8040-1eb0-5ba2-a57d-04a7d92653ad,upral@ocfo.je,contact,2
cc771fb2-05ce-5d6d-bc9d-25b5c6248efd,werakamim@lotmejiga.by,contact,2
60edba39-1fd9-50c9-8385-d8f970285f3a,hunmeg@lihuta.mo,news,7
4bbb4149-d72a-5619-a26d-ce8923a4433d,vatom@bopan.jp,news,3
199fce54-e648-5b6a-9ef5-abf417cc402d,fibihi@nohzikam.lc,about,3
c6aa543c-7366-53d6-bd74-a7d7cbc10f02,wosta@un.vu,contact,5
18376879-227e-5a4d-b710-9f7a17c78b3d,aze@sehgopver.cn,about,4
9744d77c-021b-5d77-835c-95162c3b5a34,ce@enuluzmed.fo,about,5
03d3efc0-4f49-56c8-aa2e-51ca419c91e4,so@fid.kz,news,9
00a83076-8945-5d7a-b486-9382ed3c7c13,gu@niv.kn,news,2
947af4d6-19f4-59d2-9fa0-b69e751e6c7d,kab@rodomib.al,contact,4
7b3b6e6b-3b33-5568-a12e-4673d51e8b4e,regiw@hi.ir,contact,3
244ec676-d13f-54b5-bace-a987eb95bcc5,bopane@igi.au,news,8
57e7e4dc-49cf-533d-8038-0a097223c00e,fekrur@cela.gi,contact,8
9014d754-e4cb-5d83-82f1-2a25342b8c44,peguzaw@galah.tn,news,1
a8121b7e-8850-5791-ac21-0b1e3076aa37,niifzaf@ata.lv,news,6
33b1857f-254f-578c-9d79-cf963616764c,isubu@wunupepol.er,about,2
efc7c87a-021c-5bf2-8375-dc70821a0d70,ozowi@huhneto.al,about,7
1de8e163-da3d-5cb3-aab0-4c67fe4e8375,acu@do.sc,news,8
fb18b144-5e50-5b2b-9bb9-ec569fe66405,utemej@runuke.mp,contact,4
b7413cb2-0ccb-56a4-910c-1d79c078f802,bafozijun@ez.lt,contact,8
1d2c3784-17ee-57e1-ab68-a10448e1e82b,kakij@ijwikew.eu,news,8
f9eba204-c374-5057-82c2-fb5fea8237b3,lofzi@mi.ad,news,8
b3323009-325e-55a7-9f42-3a2a627c44e7,cikwu@ro.tw,contact,6
1ab66769-4a1c-5cf1-970e-f79fdbb9e05d,melni@jina.sd,contact,3
0c98301d-2d92-5731-bfc9-11446001b61d,vigizere@re.cy,contact,8
d0dbc8c6-a58d-542b-8fb5-eefc243f20a2,zopa@loncub.ci,about,9
51d99964-ad99-5bb0-aa18-d8eb489a490c,be@ce.ec,about,2
ad17c390-e0f6-5e4d-bbcf-cca4b45aa9e3,set@milloh.hr,news,1
f4200cc2-f37f-53ed-b53e-412e5718c36f,ow@efjocod.gm,about,6
2f8da5f8-2119-58fb-af05-0b26dcd49512,pazipejo@evgap.bi,contact,2
eb3f8770-93eb-5d25-87cc-f54b48d7f05d,remveeka@en.cv,contact,3
37c340af-b57c-5d69-9bfd-4404f817090f,suoli@kivfem.lb,about,9
066a8d16-4127-54a3-b3ea-02b1565a92e9,ve@bu.ba,about,4
b463682b-64b2-5fe7-a7ca-a0e4bf40634c,errig@bohi.no,news,7
fd7c8ada-2e8c-58cb-8f91-9b23318162ee,te@jane.mr,about,1
51f732cc-3519-5e82-b61a-18397d51e18f,wobbe@arewo.bt,about,8
1ed66cbf-b9a0-5dd4-9287-5510a56da830,siipi@nahpoki.lk,news,6
1defc570-5a31-5491-8ce8-e2a4b9903d26,boudme@mep.bt,contact,6
8b743367-23e0-5f61-bb74-9548314c70f4,lihag@apinu.so,contact,7
dae414e6-b32c-5536-a584-9d3d3c55f0a8,debbu@peni.sk,contact,3
a44fee9e-488c-5f48-bf81-76d93e73d828,efvug@ful.gu,about,8
146b0a5e-794d-51cd-9cdd-3744dd97e9f4,wuttatru@uvwopif.tr,about,6
8cca77d7-5724-5f31-bcbc-70af53783cfd,vanivge@guluk.mx,contact,5
23265617-895c-53a7-8133-fa0284f254a9,di@pudpo.bg,contact,5
d4792c33-ce32-50ce-bbf3-e4ee8d6f59bf,ratruwav@pi.hu,news,1
984a1240-bfa3-5d2c-956c-a686361f66fc,kuw@lenija.ki,about,2
10ee1ccf-e6db-5db0-ac52-21943f3af3da,munavu@re.is,contact,3
61cab193-0dc2-58b9-8902-1117b60b65c1,ju@we.gi,contact,8
dbe5ff2f-272f-517f-9b26-8b5be13c2d66,jurezbe@higvevfi.ph,about,5
53fc5e45-c03a-56e9-9a93-91d46608a259,zonusahi@jijil.gu,news,7
c06dd429-5615-50ca-931a-5fb448c6090f,rusfi@gavahiv.cm,news,2
d059c50d-4e34-5732-978b-73261d489e05,dufiwoota@ronzicga.za,about,4
538e513b-419f-5461-9af9-50f6d95a458e,hovjumgaz@ocefnu.tg,news,5
89b7699b-0596-5628-9776-083e2b4b891f,asimefmup@ca.my,news,4
e8d0e35f-e81a-5fdd-8394-7b4d07a09334,diomaja@gip.gw,contact,9
3b234080-08ab-5633-a9a2-33c0b4450ca9,isowil@lugko.cc,about,4
e37432f2-a59e-58cc-87a2-0ce66671af7f,evne@pet.re,about,2
0ae6dcd6-d190-5586-bba5-42905d6dd86d,bebi@luj.sb,news,6
3f37f7ca-2442-5870-97ac-0038b226e0cd,repelmu@bapbi.td,contact,9
da5cc219-20d5-5e25-a89f-b29ec40ae4b6,cukan@ehuseg.bq,news,5
6441508a-2ab5-51ea-86a2-a9d57a47084b,ha@fobu.sy,contact,7
59685484-b728-57d4-b8ae-ffba61ebb62e,izeopatu@ug.so,news,1
01eddca1-2ff9-5e58-ac28-d9585c1cf8f9,zorpevek@vek.bg,about,7
ff40b0e5-5c85-5781-885f-4e3746f20767,zazehas@ala.aw,about,4
a3c74fbc-cd22-56c6-a14f-eab4cf64b91d,wuve@rud.ni,about,8
c8b3384a-323b-5e25-8548-be7995311554,ciwfohhe@midlufan.tw,news,3
a8f5ecb8-be79-5a27-92d5-15c7a9c6074a,uci@wecsar.io,contact,5
48602a0b-3930-5f2a-b590-685c476faf63,zanhu@ikreb.mt,contact,2
6935db98-d8e6-5f56-8869-839883f59f1c,wogahga@buzvabom.bf,contact,5
f2fbafa8-989d-5e8d-913f-eb4f8e4d51da,wig@eckofege.ck,about,4
08957fe6-1aec-5bde-a3a4-94bbb3c068c8,wipawko@fefe.bv,news,9
541712de-14c9-5add-816b-5bf3051d6965,fo@kaba.dj,news,8
fae7b4bd-9ca5-57fe-9258-98421ee4300d,fin@ahawec.gu,news,2
350515ad-4559-58a7-be47-f46466955ecf,modruf@ewu.tv,about,7
de865b99-a4fc-5320-b47e-4be1c9dce2cc,sipbun@av.sj,about,8
9cc0cc5d-d7a9-54ba-80ae-b393552a4a2e,ujihilsod@kiffuhnur.al,about,2
0dc58b35-089c-5bb8-802d-47e06d2acbb0,velod@wirunfi.kh,contact,1
2ac397c9-5e59-575e-a76f-1547b8897d87,udbow@rucesger.at,contact,8
b68ff57a-7000-5482-871a-0fb531e78873,zi@luczouh.tr,contact,3
77b48b21-cb44-5e8c-9564-d95aa036c188,micdam@jiv.cf,about,7
39176d9f-dbc8-521f-9106-69b4f747bf21,guwe@munza.si,contact,4
44f797c9-6d31-52f1-8952-72ac563665c0,ijemaf@daum.ie,news,5
8b0721c5-157c-520c-8a18-4f53dc38473a,hebil@ebonode.is,contact,7
eb95c18c-ab26-5703-bfe4-516ff48191d6,gibdur@cudvem.ga,about,7
3eb3c6b5-33d5-5ed2-b4bd-3de556779731,inorakbos@ifren.bs,about,1
ae7212ba-d981-5794-a7af-a456c886dc1d,bekeg@awfo.eu,news,3
ef12c8e7-1f55-5eed-9a71-063bff4cfbed,dero@jodaviwo.co.uk,about,8
d96cbdce-ccf6-56e6-a7cc-ff2dad5bf108,uhonalu@hotnina.bm,news,5
44e367e7-d29f-5a4a-ae23-4aab35f1b6c1,aj@puka.sm,contact,9
42388d2c-d6ae-5319-b475-81b671a43bca,vurorgol@wogelo.zm,about,8
8112f50a-b07c-514d-b507-826f1f721626,ferwol@ot.im,about,4
d1078f5e-7882-51b4-bf9a-184c677778f4,uja@mizignu.org,contact,3
d9988998-aa55-50f8-816e-1935ca390674,ce@vodiasi.ax,about,8
ff34c5ac-18a7-5ca2-bffe-52a2d0d3535e,kot@posfomco.to,contact,7
085a0cc5-af13-5f84-a285-57107bbfd86d,zaebsem@epa.ga,news,7
c9b1ef60-471e-527f-b482-5640a890edaf,tomtobona@hiw.tj,about,1
6241a53e-4b33-5e88-b976-7197a11b8260,azugu@loodtic.zw,news,8
5a8df6e6-a186-5111-b22a-79ef97399d01,ekuasu@huhughe.wf,news,1
d1adc137-892c-5682-a3ff-9902d50d7f2d,zedobris@totoja.fk,contact,4
fe0b373e-c4ac-5802-b701-36610f775dec,vaal@nuzvedkih.cy,contact,7
71f55787-b87e-5994-ac37-c1f09e6fca9a,sogvevud@jod.ae,news,7
d517f2fe-42ca-5a4a-8726-f964e8b5f30f,edezi@pubte.us,news,8
0fac9a47-9700-579b-93f7-a727bb9c7a8f,agisa@jimofti.sm,news,3
f8b6adac-ea35-5546-830b-a6147557ff44,tupeto@sosko.cr,about,9
666eafed-ec58-5422-8f97-37ccd65c65f1,kakvacuz@cirka.ge,about,3
91c35fea-d53c-5c40-96b0-fc10f41609f4,kehiju@kawwo.cr,news,9
b41e3559-afba-5b16-bc77-20a0caf64418,hawvu@ofma.fi,about,8
3e0365e0-f0ed-5b19-945c-4401517ebc50,nufi@ijzejuvo.bv,contact,8
66f71da5-1e99-53c7-aae4-ebacae47066c,mi@eho.re,contact,9
7aa49efc-c5df-5de1-94f3-894845b36bf9,nitab@dacewoda.ad,contact,3
0d9a4e72-1de6-59b1-b13e-b7e884897b1e,di@kepojwo.pa,contact,9
3bf84e84-5b6a-5d80-a4fe-e58a96e05076,nielfin@lekuf.tm,about,5
4bd07be9-5d54-5239-b153-34b0959b8bda,jikis@jisahlog.ps,about,7
fb134836-afa2-511c-a575-855a9fef339f,ogesoub@dutizeb.kz,news,6
1f37aa3e-d366-5866-9a81-ff6a083b0363,evu@gi.fj,contact,4
9f6d500e-851d-5d33-9d2e-2b9a28428421,budlovib@kaaga.tf,news,7
5b93635f-96ec-5dfc-b4e7-75aba5738871,cahjikboj@ecrul.kz,news,3
e8027d31-76fd-5fd9-a950-6f1ec9436b2b,zune@ezmup.bm,contact,3
83356510-264b-5c4f-9015-c767b34b0fdb,pak@mesivucu.mn,contact,7
aa55821d-16db-57e0-a113-dfc7b0558262,cub@henpolnaj.me,contact,2
d8c8648d-ce9a-5a18-8774-c74764869aa1,jug@vicjote.py,about,8
2407135c-ac04-5cf7-99cb-dba180d693b8,ze@bew.gu,about,3
6bb4aaee-5dd2-5194-990c-fa6db13fb45f,sapbi@ze.fm,news,5
07d8f091-dc72-5f36-aa48-23d02aa8c235,donilfab@dogaf.bb,about,1
32b7576a-7240-51a0-afbe-f97680a48780,kaji@osoimetu.cv,about,4
cc3b747b-55bb-5d1f-9c5f-51174dee0b0e,apima@zahpe.vg,news,9
277e6217-f846-5004-91e9-7c9295b50c88,te@cejeb.in,about,3
ca1b4d7d-02d9-59d6-9355-8e434be31003,dosnan@fu.tm,news,4
58a6683d-0b9d-554b-9437-d36b1c45d129,zud@nefijanen.ci,about,6
90c04698-1b07-5e60-9e16-28c59e069172,wohju@tigiju.so,news,3
f0fe3bbe-753b-56c9-88ce-cbe9df4cf515,akrocguc@azso.be,about,1
1fe7ac0a-2cd7-5c4a-b1f1-724a87e30d2e,iha@bec.sy,news,9
e69efcbc-2dd8-50b1-a5b0-e3089f1a367a,dufrocguh@gabapawe.cn,about,7
9e9e48f4-a255-54f7-9b8b-aa6cf91e2b74,hoej@pif.fi,about,4
704e9fd0-2add-53c9-84a4-8cfe78beaf9c,jo@zudjiprav.at,contact,8
c0444e33-4215-5b76-a650-b6805783f540,furipot@linupdoc.fi,about,8
7c102faa-8055-5958-ae6e-eb634d93d9b3,tavaova@reono.cy,contact,7
cad61a45-275f-5f97-89ad-1cbdbe00cebe,isico@ko.gt,news,5
81fe052b-7c3c-5af7-b780-24bcee27ed1f,em@fejud.bs,about,9
b3e03cb3-8361-53d3-9ef1-e8e3cdaf0724,agiarfuw@arha.kn,about,8
bf7c4793-5b5f-5dff-894b-468752c097c2,visir@kikivu.dm,news,3
e4d5b847-c9c9-53ac-8494-5837c097dc73,nantef@ezgav.aw,about,1
61c8c677-e632-52aa-bda8-11d2bfe029e5,wor@socironim.bw,news,1
3702c984-e35a-5f13-b7a5-e4a783e3e24e,ge@itenu.gb,news,8
ae89d46c-38c7-5534-a22b-c5be197090d4,cihdal@buvzafsod.ca,news,4
71e8ef61-da46-5201-85aa-7916b3586f4c,rolifi@hos.cd,contact,4
d209c271-11c1-5343-ae65-22f55070390e,muug@rewe.edu,contact,4
5389c965-1458-5abf-8c97-9a02c0553fb5,go@vegziti.vg,contact,8
a77ec185-548a-527a-a8b4-9daac4decf4f,wesozu@lorhes.ke,contact,5
b80955f3-7032-50e5-9b9d-89422b9c7bb7,hu@ti.org,contact,3
c6a6feaf-a640-5a13-82c9-4215f1b09014,aze@ocal.jm,about,6
5a5aa9a6-0bbf-5df2-946d-b236628359d3,vab@owo.dk,news,6
8bd327e1-8371-5566-9ef7-f09f5265002f,wuiwu@va.aw,about,2
d992008f-59b7-5c26-aee3-2140037be1de,owzan@him.ec,news,2
71e222e3-a6eb-5d13-bdf0-1b84f8191408,wates@cuwut.va,contact,1
b983462f-87f8-5e15-b997-c906b565ddef,ima@apaudi.bv,about,7
a42a148a-53e4-5fc5-a576-d4d2839fc18a,un@fis.ga,about,2
9e9495a4-7ddd-5039-ac2b-d21daa9405cc,jow@igdofah.ls,about,5
c798e611-2950-5423-b951-dd1e36589eb8,ikalif@bu.pa,news,8
c05b273b-996b-52ca-bad5-862d94245c51,iloho@du.ne,contact,1
1b961c26-6f75-5bf8-8b9c-6ecc6e7fb4bf,movluvar@obu.pr,about,3
64195dec-4633-5f2f-84e0-1840dc3ffa30,dosap@tehizodu.np,contact,6
9e49ce76-fbfc-5728-b598-f00f3ea3e58b,avo@afaupoip.eg,contact,2
61041e75-81c5-5ddd-ac80-73def3628699,kuru@kavujif.nl,about,7
b43e3e95-abe8-5e16-8bac-b31b908645d4,ga@jevzisef.es,news,8
ab644d80-3a85-5446-93a2-c954ae1ab075,dektajdit@funorut.md,about,7
8183bce2-20ce-5734-9414-ebb787eb645d,hi@keki.yt,contact,9
8f70f3a1-be40-5c93-9a56-7795a2de3d9b,ihpekkuf@lebagpuz.mc,contact,5
36702922-d853-580b-965a-4ed25e8b6332,doz@lud.gh,about,4
113704fb-03d8-5afd-a5e4-42e46e134e3a,ge@wikidpul.il,news,1
585a13c4-67bb-5c03-9b82-5773d5487f10,witpojep@cefkanahu.kz,contact,6
ad2f0f4e-ceaa-5987-bf70-39643dc0f05e,newsukum@utpore.si,contact,5
86d9b2e8-d0a9-5a99-a379-320b93f640b7,jeh@okutubiw.ma,news,5
96e97798-b1a9-5300-8b8b-a94b8dfbfe9c,ubzod@te.tm,about,6
a23e34d0-eca3-5511-bc5a-bbefd3943f03,esacorki@sa.pw,contact,6
d3fbdf02-eb3f-5b25-abbc-69853372942f,pimi@jun.com,contact,5
f0511d59-d09e-5e67-b4e2-9beb50ad27ea,jidipedu@purpidifi.ht,news,3
a11ba564-fdca-545c-8068-4724d00400df,fu@henigcuh.hr,about,4
ebd8002e-7558-55c6-af9f-287b1d41306a,itosji@gosakfos.ki,about,3
5686447a-9a64-5182-8ecb-f5cbabb76d49,nisajuv@newajjul.ve,contact,3
da79eccf-4dbb-5a8c-8c11-a385308594f8,mel@hirsa.pk,contact,8
70797754-8f71-5d1e-9cca-04ff0b5c2f90,paza@hufev.gl,about,9
1170fbd1-46fb-5158-8a40-f0781d4598a3,tazijbid@nebmil.gf,about,2
b7afc4e3-5009-5dbd-bd3a-faa0d7d60799,ik@womaihi.ao,about,2
59e4317c-2f76-53f3-8d52-2af99a0303fd,efiga@jeatar.ki,contact,4
f013ee34-e2bc-57f3-ab0c-d85b3902f575,dutafin@kezuoc.es,about,7
42eb99b0-9ee7-5352-8b65-f51e7709d65f,waz@fugcot.ph,news,3
1bf5fe7c-bce4-5c8c-b015-54a9f62d1491,guron@edbu.by,news,2
76602492-8daf-5cf5-89ab-9f85b082b792,gisijub@pid.kz,news,8
83e18b26-edab-589c-950a-8da6d26e22ce,dectede@fut.mk,news,4
9ee19bce-b36d-512a-9850-6f84b1b399b9,haged@gitwop.bz,about,6
425653a8-8b87-558c-b822-53dbca822f14,owu@ici.uk,news,4
0455ba5d-c307-5586-be21-e723df460799,vudnilmus@gaz.sg,about,4
8c0dd1b3-67ee-5e7b-8ea9-fce0eab16d2e,pevuwi@lat.nc,news,9
d725e2e5-9d23-53e6-8fb1-8c9f1599d0db,tunocefe@vezaz.gp,contact,6
5660a66e-bab3-51e6-9ec7-50a7f5b7202f,kuz@wohken.ke,about,5
9c093718-3591-5224-b511-ed103b148979,sabracweg@otganed.nf,about,6
3148f869-e3eb-5187-98db-76e96dc1a680,jebcaz@zommuziw.tm,news,7
9f7a66aa-59ef-5ee7-a4b8-2e49f2d002b5,uw@jun.ye,contact,3
d9f84564-f6b3-5227-b551-31aadbd82cf0,ot@pom.co.uk,contact,2
73b5c8f7-3cc0-5c29-a5ec-bcd37de297c5,ce@jirhabcik.sn,contact,3
d738996f-7b03-509c-bd80-37e68eca9297,foco@hibozehip.af,about,3
06e49edf-f56f-545e-b4ed-9b89283bedb1,dokzef@jiw.ws,contact,7
53ee268d-c5ce-50f2-90fd-c2ba7e6248b2,mirino@lolgu.td,news,7
cf2923e2-a56d-5a2a-b503-68c759381b17,wovno@bajcuc.cr,news,2
ca22993e-6f69-5ca6-8643-2bf59e955e13,kit@be.ao,about,4
5704a15a-55c3-5bf3-951a-93c99873b8d7,abospe@vazhezug.lk,news,4
0ba51aca-ac08-5a7f-8437-757570eb06e0,gakzigel@posetwe.li,about,7
1b537b22-e4b4-563b-ae64-0ddfba07f71d,del@tokehwuv.bg,news,7
9b97a8e3-a089-5758-85e5-987131368be1,dorzah@roc.ca,contact,5
5592a473-ddbd-5c8c-9235-e80ce771edf9,ukicuw@ur.ie,news,2
ec5c6535-8f2c-5fa0-afbb-362227743d7b,ma@dipored.md,about,7
31514439-f4f0-55e8-9be7-f83756643921,ceg@higaped.al,about,1
ea547fbc-77dc-504d-a2c8-6963cdd249bf,acuwazme@jeklaj.si,news,2
43b67639-fdb3-58c3-a0af-79be70d253c0,ubhu@guzakwav.ci,about,1
2fccb041-83c7-5505-840c-39072778134a,fulzofe@juc.dk,news,5
6c626e5c-8c23-5880-a110-955dd0f71860,tasled@jecdodi.ie,news,7
c7d8e9bb-06dd-5e40-b7c1-f5de6f619ba4,renma@imbab.eg,news,8
003b8a68-039f-5f5a-8aa2-7edc9400f3d7,umce@geomiec.mz,news,4
f332c65f-2d0f-5175-89da-be78e4543d6e,huhja@ato.cf,news,8
2d84aed6-6ffa-5636-9a4c-7dbf490d5558,vubdodo@dovbomol.sg,contact,5
96ba18f8-f0d0-59d0-8995-d23c03c9f0ce,vew@ki.ni,about,6
85a8cd39-e216-5b1c-a46d-f630fc95202e,ipoop@izehfof.cl,contact,7
b9516c2b-7643-5934-bd66-351ba394e7d3,zojut@ul.bz,contact,8
77913833-10ec-5272-babd-287085baf3e8,ze@puvud.aw,contact,5
67740d2f-13ac-5d5c-8b9d-830ee0a0fbfb,rozuvhi@wiif.si,contact,3
9b42f4c0-7c18-5f7f-af10-a17d329ca7c8,ruupo@kug.pw,contact,2
4fa16cf7-8579-5f64-a329-b82579b1b12b,me@de.mt,news,9
b63b213d-3dd1-5c14-9bb6-e3e22d9aab3e,vi@tub.qa,contact,5
2f5ba353-b4d7-5ed1-a979-9991fb59a4e6,ec@de.io,about,4
80a42f3d-4e78-5439-8278-912f5eae709e,dimopjam@lot.pm,news,3
452ba226-9a8b-5f69-875d-054d37373003,subohe@wucagnaf.su,about,4
503648d1-01ba-5afc-b280-84d7a59fb6e6,ceb@evu.ua,about,2
61ea2fc5-7b14-5662-b59c-0fed0d0bbd3f,hapek@nodsalzem.bz,news,6
5f5abd78-a92d-58b0-9fc6-69a1ccfe4d20,la@ufomocug.id,news,6
34d9f7d3-014e-5e85-9bde-1ad42ec0311e,basi@om.at,news,5
59ad4d9b-263c-56fd-8372-84052439cbaa,tilka@tehzusozu.cm,news,3
6b80f712-9497-5be2-9469-ab9acbb5442e,suwmiri@tesij.tj,contact,7
62eb760f-12af-5eca-9066-35d5cfd6209c,iw@desu.cu,news,3
bb17e7bf-2234-5dd3-bcfd-d1cbc70a02b9,sietege@do.se,about,3
2fd51e6a-9edc-5ee1-8582-b25069dd2e01,ow@finfeker.as,about,9
8e363f1d-f875-5e07-960b-d683e9dae35e,ule@kucohdan.mt,about,1
3c5f82d5-cac8-5427-9658-14537f40f003,puzvommi@rebkefet.ws,about,1
9fef783e-ff1c-5abf-8bd3-b625aadfcc26,ihimahnir@viamajo.sz,about,6
00940e15-e809-5f53-b1da-6981caec4a18,ama@piknamiv.lt,about,6
b10ee99f-d695-59d8-875c-7e39630ccb6b,rad@la.org,about,1
b28b3d45-87aa-5206-bfc6-c00e913cc8ae,dir@jiwamo.et,contact,5
08cae7c3-594e-5cbb-8514-b988d2f48ca4,wemgi@kabja.hr,news,5
ef7fdbc0-17dc-55ec-9388-08dc45a29e03,cececiji@iplot.gl,contact,5
00e1744f-7579-5635-b8ea-7ffe2086e9be,leuguano@bonco.pf,news,1
14d7eee0-ad7b-5ebf-a07f-98638d600a4b,ud@libo.bs,contact,7
874619e2-d851-5148-86aa-a56703871de9,otebu@su.iq,contact,7
12def775-fcc0-519c-932e-e01ae7bc04e2,gumow@wespi.ai,about,3
54c6a7a0-7bfb-574a-8bfd-2fcb2c4030ab,keze@itcal.mg,news,7
6d4dc597-48a1-5636-85fd-c41a58987497,ibosami@iz.am,about,6
015998b5-aec5-5a70-83c3-675930897eec,ofjeeh@abod.mg,about,5
efc16b1c-8257-5a63-8c8b-980f9d0ae5cd,zuj@sezu.an,news,1
79223f60-a1af-5764-aa28-9af8bf10a967,ludam@dof.an,about,4
665eb7cc-540c-5c2d-b840-ec13f332c739,gifurtup@rid.al,contact,9
5811127c-fa9b-56dd-88a5-21947db8b30e,jiresa@bezpef.am,contact,5
a14bbe30-6d93-5393-a0c7-18150fdcd5ff,duomu@haki.im,contact,3
b4fe9344-7b94-5c7f-b7ff-b08d4287b06e,wezisamuv@fuwow.nu,about,3
c98c30e1-da94-540d-b6eb-d75013f2a006,kalmikowa@duhohu.af,contact,3
304bec16-ac75-58a4-ae4f-956d743cb321,okugobji@kucub.pw,news,4
e38eb3f7-faa0-5c39-b9ee-68c5833bd3d0,ju@zej.ec,news,2
ab29726e-befd-53c2-9fe1-3f5d1034bd7d,vonit@kuni.io,news,1
2d1aa57c-0750-533b-b75a-b31db3035c20,romabar@vanbi.no,contact,9
eb75aa6b-fd53-5263-b300-f557e7998e8e,sebaf@fuguveelu.nz,news,7
9f72d872-977e-58b1-9308-3362b2011a5f,juguske@ju.vu,contact,5
2c06d694-9586-5328-88d2-730697a706a9,pol@ne.ht,contact,4
304477e6-052d-5832-85ef-14048324e81d,pafbuled@hurmevur.bg,about,8
08b1dd84-e1cb-58de-a2ba-f565a3928d23,gukosiuv@vasa.sl,about,5
6aaa67ae-b4c2-5f41-be68-49fb3fdf5d87,jaon@gufuc.ng,news,8
037715ba-2686-59d9-aada-3a3e6a366ffb,jegtize@pusgi.io,contact,7
1944f217-feb0-5059-992e-1e1a9c9419f5,zefok@fomefe.lt,about,3
9c2a9b9b-ef5e-537a-820f-fc42c0cdd336,vivjuw@jirfazof.nl,about,6
816f541a-677a-5819-a016-0049931114dd,ga@jemi.sd,contact,7
5dbe240e-7a3a-55cf-96a0-6a3b30da8252,raojgu@imiovafiv.am,news,9
f1fd9964-94e4-50e9-a75c-0923c8025f43,pinho@fompabro.ca,contact,3
dab73c65-6ce2-5a17-8b75-9feb5f962132,ico@na.gw,contact,5
b003b9d1-2310-504e-baa1-4af2f00b58cf,cup@ihefevja.sx,contact,4
7154a674-73ca-59a1-9e53-2a78f1b374f6,objafha@hovbickoc.kn,about,8
f07408db-6bdc-5ab7-82d9-b88bc9d3b936,vezpedi@wudcojij.bb,contact,9
f5014d9e-306f-59c8-877a-eb7f8158d829,puwtujmed@olhojif.gf,news,5
e5fac652-6eef-50ff-9fe2-def3d143206a,noad@ilev.su,about,2
7edf9590-d5de-54cf-9b73-6a558a544356,hupacop@caw.kw,news,1
e57c1e04-f5bf-54a1-b54b-751369227204,ij@kok.kh,news,5
90eb2d06-bffe-5ce1-ba4b-d86ad2deb2a1,mipolpu@areju.bd,about,3
a17b6ded-4d49-5849-b6c0-baba2fca0ef1,giom@poplalec.uz,news,8
ec95e648-1ae5-5356-8fa6-4f8bebc3223b,ef@titreh.gi,contact,6
914d86bc-ebc8-51ba-87e3-ec9c2bcb5b0b,zebe@na.pf,about,5
8726c4aa-8f1c-5d01-a7c1-5dd1711eac0e,apicaluh@jolipa.pt,news,3
ed88c835-b1b5-57b0-8635-ca1a53c31614,luvpuzbor@ubwigat.ci,about,4
56f2a43c-c841-5044-b15d-663a454f0211,ongoig@mujpukdaj.uy,about,9
0032c470-46cc-57b3-9164-467ffa22338b,bictu@riuzza.kr,about,5
c30d3556-aff6-5be4-ae8b-435cfbfd7b0a,lobe@jufsib.bq,news,4
c0a4def4-fcfe-5f0f-8e41-8abda7a5e669,nu@tiorodef.cu,news,4
df9ac9df-6639-5fd5-b395-e9dc0e86bb3c,ze@rupniv.so,news,5
e41059bc-8201-5e42-9b51-bcaf80907e32,apais@rav.bw,contact,4
231be7c6-a72f-51ff-aee7-7f0769ef45c7,vub@tam.hu,contact,5
42a16777-cfec-5e4c-a751-ce70094dc9c7,pat@lanatto.cz,contact,6
3251a821-b216-51f7-a3d5-93eff68f3c29,deksawjab@nitolva.za,about,8
dcbc4e93-4f55-5487-969d-79873ef80454,egwo@liv.af,contact,7
256f9b5b-8a86-58e5-8bf4-e6cb207685f5,sa@wonissu.bi,news,9
85e21d5d-7c79-55e2-b314-414f29c3ba66,jannezu@foim.bd,news,4
cf515b51-6810-574d-9ac0-9aa7fe6f246d,kowam@uc.ax,news,9
be5e8b4e-7354-5643-af89-34379ee2e9af,nug@hu.vu,news,9
32d65b62-4a47-533d-a5ac-81cb8b6ddd28,jiw@wi.mr,about,4
ff76c512-4f7d-5ed6-be15-cc7913e6f386,disozjot@arabog.lb,news,5
7653950f-fb2e-501e-a9cc-8d284b6e854b,hewelzef@zojku.ne,contact,2
16b02384-c787-5fcd-b0ef-0cfe19f542bc,mu@sacez.my,about,8
7d02c210-cdbb-5706-a5ec-d8b4f048ca44,hifdi@so.ms,news,2
d3f7b798-61c9-5132-b91f-8efbac1cb8a6,lijduv@boiru.cd,news,8
80c22569-1821-5bb7-9a67-c1a9847dc7c8,rebiv@zul.ad,about,6
acd93b7c-a2aa-5c05-aadb-6945a6995877,madoci@lewfiwme.hm,news,6
754a1fb5-6a3a-5376-a46a-502d3c9ef11c,ge@bi.ng,contact,8
43799ada-22cf-5c9f-9c23-25775a82728e,pocne@vilriwep.us,about,9
5062da28-599d-579c-8d13-5a1d3845804f,hatib@foise.mm,news,4
890e2437-b4d8-58bf-859d-2cfe40185f4f,harasmos@ef.tf,news,3
0cb85970-16cf-58fe-a6a1-2e84571a789c,hibhuuki@tiojeebu.ar,news,1
68464972-1a46-5f63-9559-5f4bcd0dc0fc,uwo@epho.np,about,3
29f84357-e944-58cf-961c-2ceceb29b2f1,bemdupzub@vani.fm,contact,6
0d6c5c85-d578-5582-b94f-12cd12669033,bake@keg.sr,news,3
b91cd0f2-b1f6-5d89-883e-17c60f56aeea,ablaw@balihi.lb,news,7
0dbb7f4c-02b9-5346-878c-fe6057c9a2e9,lali@rih.ge,about,7
c48dc675-27b4-5daf-bb1f-c9aabef57849,igace@diw.ke,about,9
2d1139d8-30e6-5dae-8292-dc2dbfbfaea6,wovojol@epuov.is,about,1
c697ad2d-c146-541a-b073-e09dc5729a59,koer@deive.ao,contact,3
8a17d7e1-6c80-56b0-8a02-54d2d1366c92,gi@otira.al,about,4
3e4529dc-3bec-5afa-bb03-5c32e3b3ef07,wojbeho@faf.tr,contact,3
40aabce3-6803-5463-91cc-236accc76ec0,febufi@dudwuweke.se,about,2
dd12c566-c616-5e0e-b246-3cec72df11c2,ikpep@enoan.za,about,2
bf624d37-0001-5d86-bfc8-067e9d879a42,lisfignub@duihosu.mc,about,3
3529f1c4-4f79-5e83-95bc-9fee6ec7db1e,caemulu@verveven.ht,news,6
7f19fa82-4671-5879-880c-c2cc884b7da0,padfu@newevra.mg,news,8
4ca97c58-5d6a-553c-ab65-00a8582b48e3,ogapebiw@ud.ru,contact,4
ac478255-8b2c-5ed9-9c25-98856cdfe2db,vemunoho@jaf.ng,news,4
8dbe7292-2c29-530e-8e92-93e5cd765ac9,jowpose@obo.kn,news,2
559628f2-0619-5431-a25b-ce37e76a80a7,iwa@afigomat.sx,contact,5
1e522991-15c4-56e0-8b00-8372c5acc874,bidhej@ok.nc,news,9
032776b9-d831-5e23-b750-5d5a8f5a65f6,bum@remipnu.is,news,9
5ff0a45e-aca7-5d19-b8a1-3f49330dfc06,na@utakug.al,news,1
b9d6f13d-b24d-53d4-8be0-1860c5b3a187,ke@has.ge,news,8
262813da-8174-55b6-81c1-b6a7c160ae29,docid@cawfi.ru,news,7
42237a27-a96c-5fde-ae24-242e4d1ec44f,debime@lo.sx,about,9
834f7dba-03c6-54f9-a8bd-977521069e8c,naj@suma.ee,about,5
bdb1a9dc-effc-5876-9b00-f2c49c7de298,kovpu@ac.tf,contact,5
7b7efaab-1db6-581c-a545-a7c91735a49b,esada@tuswo.td,contact,9
16c33526-a64e-5e72-95c3-741766758507,rudegih@ovacak.cu,about,4
bf528565-6408-57ec-8fe3-58c9fb51381f,agot@forih.mr,about,4
a4a1e8d1-a5ec-57c5-9646-97a2b47da0b2,nuciga@ci.bm,contact,5
94ee7ab2-c576-56a0-b554-e427e45af4f6,ege@cuaje.mp,about,2
17a1d29a-3281-5d35-8c4e-02cb2cc943b5,wabi@omjibbev.cw,about,4
472f953b-9880-5e78-8654-7096c0e4f127,lugvosna@ama.re,contact,3
63f58f35-85ed-5bef-86e6-e2cfcf2addf7,cisej@sohzogfat.ms,news,4
785aad02-7ae1-5437-8e68-e176786223cc,ig@tava.cd,contact,5
f4751e66-1f31-5fff-ba4e-e7c596051de8,jen@in.gt,about,5
43b347f3-086b-5a30-8835-6187405aa586,ladotov@le.sv,about,6
0364ee3d-3d8c-5da9-b777-f1fe7980f742,aju@vijwa.tp,news,6
c2a09666-0efb-553f-87b0-b6e4e5ca0669,fo@ocij.et,news,9
f7db2efd-2246-5b6e-8279-bb37a6ebe8a0,po@igaimeesi.org,news,5
ae8d46d6-a8e8-58d1-baba-f908dee4407d,johi@jaled.mt,about,4
159de05a-a7e1-5c35-b42f-9d6a37d99579,rokek@nejod.no,about,2
8d4dd6fa-647d-5687-909a-0b0a0a9b73f3,gez@em.fk,about,4
9cf592c9-ff87-551c-ba8d-34f45531bcf5,ul@pab.mq,about,4
820d21d3-9e2f-5364-b1c2-f0d802e151b0,wozip@koju.do,contact,4
ed879448-e4c9-53da-aea7-dd135a11f630,lol@vezun.mg,about,2
d96fb81d-3a1a-5730-bb6a-8c5092b42f23,ijsuksez@ufefa.eu,contact,1
5e4818ec-01c0-5b30-87bf-c6142090f367,elopuhegu@uvpepdef.kr,contact,7
05933ba4-3af5-5c2e-b868-260dc9d6a090,reghoki@tuvha.mn,news,6
212d0768-7a54-5947-bf4a-07dc3541c5c9,jus@vawiheh.bq,contact,8
7710ef31-7bd3-5661-b5a4-f3441b7856b4,dibih@cejo.nl,contact,8
0b3158a8-9865-53f9-92b3-8f37cec1f5c2,madwa@aho.es,contact,6
61eec377-bd67-5234-b9af-914cd405c3b1,gajodagoc@viciw.bw,contact,2
a197f89d-4aa0-5f87-87e7-dda204e4ec74,udiku@citi.qa,about,7
e41d8d3b-7d60-5e27-a6fa-5dbbf9cffa5e,mu@alimepik.fj,about,5
13403339-9532-5297-940d-a6fe6ac964d0,ezemopag@amsi.gp,about,9
59b7299c-d7c6-567e-9d48-e9c121d8c539,nelu@dicgu.pw,news,4
0dde1864-987e-5815-be92-150a8d500d12,gu@pegfo.pe,about,9
b5a9cfb5-9a43-52f6-ae2b-fc456aa5627e,rehji@eppag.bj,news,2
67da959a-b413-5e79-ac59-230969546e38,tikdupora@miwrase.fi,contact,4
a16e1d33-7246-56d5-a14c-c9dd2167c0e9,sefep@taubu.io,news,8
78cb1db4-b455-52d1-9af7-ac8e9aea03cc,paszamub@nunevajev.kn,news,9
22c3a5cb-f5fc-5bc1-bab0-d5a40e93e5f9,kadfal@ebu.ch,contact,1
f9d675a9-9365-5b69-a144-a8a73ddf7d2e,bu@huk.it,contact,7
586957c5-a5a3-5e9d-a9dd-cada401677e1,ezodasa@loz.nc,contact,3
d3a1707b-ea32-51c5-bc20-9cb586c9a702,el@welkonene.bz,about,3
3f2b01bf-92e5-57ec-9860-79e3bdca4f3e,okafero@vot.se,about,8
81337826-808a-53d6-9f7d-ad46e46f031b,liglifoc@kowdajuw.gs,news,7
61c2902c-2d76-51a0-8efe-0176e6a0fa56,dus@oneel.hk,news,1
f3d6be49-c301-58d7-825f-97d99b52a086,gucovo@cavca.mg,news,8
8f7292c8-c54b-526b-8765-b077887ae081,ihlidbe@vim.ke,contact,5
7039ffa1-558e-58b2-9f1f-4ef2257143a0,ov@uraab.md,contact,6
f978ed6d-8846-5512-95c3-aa9d53d010ed,ma@eha.va,about,1
608a36a9-50fb-59b3-bba9-dd52f3b7acd5,lenna@evo.bz,about,6
32b72b12-96c2-5ded-bfb7-d097459664b1,tekoiki@cefaiw.im,about,1
bc28bd73-546f-5649-82fe-6ac71780b041,on@tebcoiz.gw,news,2
598c1716-da71-5f63-b922-23abb2f109bf,innihlu@koasego.gr,about,2
e376fbdf-f06c-5fcd-a76f-7c7c4ab8661f,aciri@cozbesu.sb,contact,7
81d30aa8-3eb6-5eb4-b89b-6863d2c56ca9,gag@we.co,news,1
dbc4fb67-2841-5475-97e4-0222bc9ee4db,bobo@hummiohe.py,contact,4
27a5e6ba-4f47-5034-8aba-35b8212a0a9c,lotunib@kufa.hn,about,2
631e8ed6-eb67-5961-834b-cee9336ca343,uhezi@kuj.ga,news,2
a740ff55-b8ec-5899-855b-6b357e562272,jejah@lugov.gu,news,1
5e30fd25-e007-583d-b1d4-011ae429423e,luje@he.nz,news,5
e426540d-125c-50f5-aa48-9b3b0900c0ae,di@kandot.fr,news,9
e6f06fe7-bd03-5e2c-a56b-5563e624b1f9,ohfegap@zeol.ma,news,6
bd9a9ef3-9326-5686-a398-34a746562bef,vuf@nis.aw,contact,9
ffce90ad-fb69-5061-b5d4-37152549bd15,zob@sul.il,about,5
49fc0ae1-d4f0-5fda-a540-eb09a9d3e4b9,ludhit@zoveda.ye,news,6
76eb9914-cd99-5deb-a49a-03984b5859ee,cek@zossic.va,news,8
3ce75f9c-308b-5c71-997f-92098a5e8144,inuji@li.pe,contact,3
02ef33b5-c4a8-5021-9c96-ae7752b7ebbd,degufa@ikmufhi.gov,news,1
c7d9f6fd-0b48-5dc3-85b9-af01c9a9644b,riv@caac.tj,about,8
955ec0e1-b44f-55e3-8cad-188caf58eca1,bu@wunvu.gq,about,4
79ab544a-e763-5bae-8d2e-43bbbdea91c6,ku@masuuwi.bz,about,3
6ced96fa-bc3d-56f6-b188-8dd5920be451,jum@aragu.pa,contact,1
619939a4-5106-5111-984f-71aeee28c43b,lowgaji@nunfoseg.gov,news,2
3af347d8-f239-5887-a787-61f71233113b,acvorisi@pod.ie,contact,7
e36ba016-dbfb-529e-9e41-701a2e0b066e,ug@lohomaf.aq,news,6
ecb5e61d-2334-5e4f-8c98-6beeba5df512,uvoj@val.mn,contact,1
2fbd7680-c1eb-5183-8090-dc19bc4e5fdd,emuuvojef@ipa.gl,news,2
580f7bb1-40dc-5a4a-970b-cd99b00c785d,nicuto@za.kz,about,4
1c50e459-2136-537c-a8ab-e439a44e2fca,ce@midkojov.sg,news,7
ec0490bc-2046-5329-ab18-dc66a8f586c0,izu@docguta.de,about,7
b54b4f51-3bbe-5fe9-85b1-7f6490dc00ba,pesedbu@fud.om,contact,2
a7897613-5f20-59b7-b271-b9814a63e2b6,gareku@va.hm,contact,2
777c7b99-6d51-5910-9f02-265dddbc2db8,rugen@lite.cd,about,1
1e081f4d-f296-5c68-9eb3-7c3e21eae23c,fogu@dakfehsi.cg,news,6
ecbe163f-5f1f-52e3-b781-7ade885a958f,zal@sibe.sx,about,9
cabf30a9-c49a-5f8d-bc27-64ad038f285f,jintozzir@cufmolan.ac,about,2
af219eec-e525-5993-8648-3f339226508e,cahhef@fupar.fj,about,9
45f8edeb-fcc3-5522-a020-80c2f6fa8ae2,cabdento@nuz.dz,news,5
5b7e88a8-2a42-5728-8f31-16623196d974,fac@jewcefhe.tc,contact,8
6792eb35-60b9-5b04-8674-c7d389e7ee50,onibelu@un.ng,about,1
393978f7-ba52-5b1f-ad13-d25c0052edae,si@bat.fi,news,9
e517566b-c39a-58e9-955a-b862b54ab17c,hinzucdov@vid.mh,about,1
19d11075-29d5-5fa8-a163-a75a10d747c7,woikina@olearuvi.pg,about,4
659ea0af-ee26-5040-ae20-6f96afd83d38,gakfari@hahi.ad,contact,9
59da74a6-3b17-5936-a509-48d0b862e8c1,ufuzoce@dab.kp,contact,1
7dca1551-c350-5c9a-8fc0-38652bbfeca0,ip@zi.ht,contact,6
b2f9f329-b97b-5bf3-9229-03c19c10f0dd,zutmoguw@roes.dk,about,3
16fbf3c1-8c93-5fb4-9261-d3bdb91501f6,nutmehtow@es.ng,contact,1
1766533d-fcff-5c33-93fb-65ce0efd090a,vu@hot.be,about,6
32f897e6-61de-5050-a48a-a5558430253d,koparo@faklid.az,about,7
bfcf98c0-725a-52d0-8421-2124f294667a,pe@du.ye,contact,4
93f9aa3a-2c16-567e-8140-cd1499ea9044,oveiz@miag.sg,news,3
71c056eb-eb9f-5473-8f60-ecf98edd5473,subhu@gappolob.nr,news,2
bc094d19-ad12-5ebd-b2fc-2b7e3abc5fbe,wa@cazeil.com,contact,5
910f35ca-0054-509f-a57b-de0819f02f71,wusfoz@kienifa.ca,contact,7
91754631-6306-5a93-811e-56431a4a1809,jehemuhi@jos.wf,about,7
be83b8cb-f481-513a-83b7-36de26554c52,mibcoda@wimizgit.gh,news,6
4aa7b962-eeca-50ec-ab65-c14cb3b69e55,mijo@derra.ae,contact,5
8e5960b6-1e64-5382-968d-c04ae72e7e23,gusi@ocmu.gm,contact,3
8f6886dd-9aaf-56aa-b68f-82e7cd38ee46,jir@siru.uy,about,1
ad8330ae-9209-5bc2-9583-7ad5702d251a,caw@one.bh,contact,9
0a6153e0-071a-56f4-8ab6-30b829d8c553,ri@imhej.cx,news,7
d078e616-c575-596a-b539-a7a5e2d7f0f7,unewejfiz@nus.mu,news,3
5470492c-43c3-5758-86c0-d0940d3db4e7,hahsu@anozisar.gb,about,2
84a1c15a-eb34-5910-acdf-dcb3f26f93da,gancauzi@su.an,news,2
3e915e42-f0fd-5a06-9609-dc59f4a2192e,tiirozo@maro.na,about,1
29aa4b04-ebf6-5e91-9823-19bea113d636,sanrul@zuuwale.pt,contact,4
7f90253b-e66e-547f-8106-fb859c613696,fusme@germejti.bg,news,3
b8e92076-d6b8-5ced-a0ae-823a1aefe507,okilamu@topwodhi.gb,news,7
07bf9a11-770b-5ab0-aa45-52d4ed13212b,ho@ki.sv,news,8
4bf16eb4-872a-5b9d-96f0-5c999956951c,heri@moditgeb.com,contact,2
6c73b7fe-d3bb-56cb-9d8e-d8bf214b4ba7,mihape@pejvewa.ec,contact,7
aeb43549-aa43-5a48-bffd-ae3c0ce62d3f,ruohobi@tura.kr,news,2
b5fd2058-adf8-5e3b-a95d-8859c1981833,zu@vinieb.cf,contact,8
e201cdeb-34bf-539b-8ffe-cee6d8f139ba,ojdit@cin.ps,news,6
e34d4f8f-e91c-57c8-9a24-8d1506f89f6c,lecukas@iz.np,about,1
0b7bd3c0-042c-5e02-ae7d-8fa7fc161035,peji@nokatzik.uy,news,5
49e84a99-8808-56b2-89d3-9ae4992c3a99,tuvmo@jewol.bi,news,2
2bc42cb4-fe7e-5142-b93c-a4effeb726e1,non@al.mg,about,8
4036d99f-3b47-5d31-a2ad-26302b92af34,zo@gase.sb,about,9
7a49cbec-607a-57a1-a437-08c3a200d60c,ni@baj.ch,about,5
d45dc563-233e-5a8b-af3b-a4b8ada8692f,fusro@irbufec.dm,news,1
76d57f76-c181-5379-bde5-dcfdccb68393,dukegen@cakjov.bn,contact,5
307cdec0-bc33-5a5d-8f6f-1e75243f0cba,dagpuj@cudut.fo,contact,1
bddca766-df95-5a84-8880-5ab56d46d33d,vi@lugwa.mu,about,4
8e8a38f0-ee35-52fb-bd5c-f715863e10a8,rol@dis.bi,about,6
e289405c-4fb6-524a-9e4f-a5b35a576422,kawaval@ivu.ga,about,5
69cb746c-6937-5249-ba9c-d4fd998a2114,afoeju@cassiv.lu,about,9
19b3ed07-8bd4-56f7-a397-d3650f53eded,tihbiv@ecowo.do,contact,4
80dbabba-c538-5c06-b88d-dedaddd7e622,se@zul.ae,news,6
f52edd36-2c64-5f22-bf3c-3a25f6d9253f,hinlowij@ru.yt,news,8
54348e60-601e-5f1b-a6e5-c48fc7d68dbb,histopve@zavivo.lv,contact,7
d55bca9e-cfa6-5926-b05a-cf9e6eba9cbf,rukgepid@ebepu.cz,about,1
d1b791a6-52e8-5eac-9578-e94991cb7a25,er@zugugat.vi,about,1
e467afbd-ab75-549e-a402-a1b3313263eb,wozul@giajga.vi,about,3
6704a04d-e2b9-5ed4-942a-f90b723b05cc,du@nejobuf.ao,about,5
c175c8fc-da0c-54dc-a3e5-7e9b3175726f,ca@pefow.bv,news,4
18d0480d-7338-5e10-8529-967e9756c041,noefuki@zeza.bf,about,6
9aa6da37-ad3c-58f9-99f1-2632d76e94af,tufvinjun@gat.fj,about,8
95a6d58a-9c5a-5aab-9fcb-f10b55d9788a,uwa@he.jp,news,2
7cd668fe-2af7-58c8-a233-aebbaa415fda,mo@do.in,about,6
2f9557c0-639c-5590-93e6-97dffadb5ffe,siruhu@vucemju.au,about,1
d06b6565-a38e-557a-bb4d-ceca7b989b9c,tunliop@votiw.cx,news,7
40dd745b-e9f3-5941-a529-b29b72396ca5,huk@wafata.nu,contact,4
edf295ed-a075-59c1-8901-e925a35a0be3,nohtek@joffe.sx,news,9
716df558-1422-5a61-ab75-0dfd7b32224a,ovhu@uhebata.ao,about,9
5bacd7ba-994b-52ea-9457-dd155b2020d7,otvuzi@leg.by,news,1
347add8d-43a5-51e7-adf4-775d35ab2b03,atarez@nibgoc.io,contact,8
61acace9-02a9-5b37-8edf-347aa622ef98,uga@kujfe.vi,contact,1
f2201e66-ccad-5253-8c97-0fbc651f6aa6,urarorcub@ustucivi.kr,about,4
2a169c1f-0d1f-586b-92c4-2be3fe3ad607,nab@kipi.ph,contact,5
b376e588-f18e-528b-b3ca-fb78a8722dde,asacag@bu.fm,news,1
5e5c4aa3-f522-51ce-a1f3-1fdf1941b746,fo@ka.gw,about,8
c6b51f8c-7ec4-5426-8bd5-c2688afb9269,zujosob@da.ke,about,6
34571443-1149-5f2a-b863-03b271b22704,fowime@lukod.vc,contact,3
af20d4ca-eeea-54a3-a93b-a2324e9ae0ca,vabjizden@kavo.km,contact,1
84935c17-71c1-58ef-a8ac-580384e473e9,powbi@mided.nu,news,7
0b91aa3a-3318-5445-8e88-2be093713d2b,id@fo.pr,about,8
3f2fcd54-e3fb-5e20-bf6e-825360d3e07e,ra@uhduruk.pr,contact,4
10de1829-dec5-576a-b542-1a608e41db23,zesohtej@riwder.pg,news,6
47d2241d-2b01-5bc4-8079-2c0e130c5974,ogpe@ihe.bq,contact,4
0c9dbabb-805b-5c73-bc96-6d6ed1d90f86,rugbiwasi@pile.lu,about,1
bd3551e7-0db1-5b60-a507-19e43d86a4aa,otu@neuzimi.ps,contact,4
13935fd9-8337-572c-8e42-265594a3e3c3,wajvuger@rikduvgab.ml,about,8
d43fc3c4-9e5a-51ba-a333-5f4a2c621c3f,uleci@lugala.cu,news,1
0bb8c9b2-313e-5397-9ff0-f25a626c2f59,oj@mivhor.ml,news,2
7fda7877-b772-599a-83a6-0d45822d765a,ma@sizakot.kw,news,7
711b9518-e273-5468-b3c7-d69a4c538f53,banoap@potgozed.aq,news,7
0bfbbbea-f4f9-51b7-9610-a8addcec8403,kavzi@mik.dk,news,9
29642f83-5eaf-5bb0-aa61-beeff1e46e7a,hi@zeasajah.ca,contact,9
e311b1f4-46f3-5eef-9ed6-d510f3d15555,voj@aciruj.pk,about,4
7da82005-a605-51a1-b40b-3cc8d880aa03,baupva@ezo.tg,contact,4
b5950e58-5602-5193-8dcb-a4e6a2f0697a,ijo@giw.st,about,2
b6390168-2efe-54e8-ab05-a2dd439a0558,fecazbu@il.ir,about,1
9e03aae2-4fda-5559-97d9-0f024ca29f4e,erari@seljijape.ga,contact,1
ee107ed6-18b1-5291-9e0f-f3717ec01a7d,so@segaw.ch,news,5
ab947069-1131-5888-a318-d7caff89af39,ifiudagan@wupihi.sv,news,4
0e6ae401-b2a0-502a-9e5a-9000e522efa8,ladajtin@totni.gy,contact,5
bbfe55d9-5cfb-59ff-b41c-4419d9cabc4f,hor@zikzat.om,about,4
9fe72e9c-92bc-5fb2-a815-5caaa52ffcd5,ci@id.mq,news,8
64ed393e-09b9-547d-bc50-eaa7c79dcf02,ircadju@fus.td,about,2
588f53fc-5731-5ce4-906a-eeab867fa6c3,canlurha@koce.ro,news,7
90f24e9b-fd3e-53e2-bdea-7cc724bfa2c7,fe@dir.py,news,8
99580f88-8b61-5323-946d-ba5fd2f3ddbc,kedutol@jad.ht,contact,2
40135c9e-9b48-5f57-985f-5e8ca750becb,simo@weuzuco.pm,contact,4
acfd94a4-b35f-5a3b-bf33-b09874d90448,hir@fi.kg,contact,5
35fd1af3-d922-5f19-be6b-14a4376d1c20,ipilubi@babavnul.ad,about,7
4f846e3d-0bee-559d-9e56-a44bf9065eeb,nije@nuem.ua,news,5
ac142056-2c6b-5313-93ae-f14ce9b39ed8,eko@rilmeskos.ug,about,7
4b0339db-a35e-5ca7-8b9c-1ac39055d283,oszulmo@bof.pf,contact,2
d0efeaef-9bfc-51bf-8175-887e7ead216d,ehhezdi@er.tm,about,3
bf2b511e-1387-5616-89db-22fad3756c91,zig@biofde.tp,contact,3
7b6b44f6-8502-519b-94ac-8da37c66c451,ifmur@paukila.ne,about,9
4cbd58d1-c368-560a-bae3-35dd27bdd8dd,nubog@ralmaalu.hu,about,6
f6107314-eca0-533a-92f7-3db2b6f5408d,totte@itlo.bt,about,4
ea25517d-270e-52d2-8124-a2e71f191814,duere@wogsibet.tp,about,3
1c7197e2-4363-5f5f-ae0f-2ae0cbcd7c4c,lep@me.es,news,5
81de4c34-5f07-56a8-a5e3-9a105b1bc710,zegozuiha@meriti.ec,news,8
3a7730c8-8ac2-5539-829e-918a1996eaf0,cuom@jecgel.gi,news,3
5a74c8ca-32f6-53ed-9a0c-56f86797776f,luvi@milos.tl,news,9
a0b80341-cac6-593c-972e-62895ae61adf,tishi@mah.jp,news,8
c53b92a1-d3f0-5b7b-a369-fc4f003e12e5,zojik@bubi.tj,about,3
a690b26e-ab02-5c7a-8542-6aa038d77849,ufiduwod@nodapa.sm,about,7
b407f182-dc10-57c2-a854-949101d5964c,nulogmi@uri.aw,about,1
8c969a21-d890-5748-b7f7-bea6aae60a88,picise@jel.ie,about,9
0f321d7e-2a87-51f9-8a95-5ca82f82fa5d,bajme@nanhoguh.zw,contact,8
fff00a5b-4121-5b83-aaca-611c20c6a701,notuvi@rorsabape.cf,contact,4
066208f0-8536-51e2-82f6-9f0670123264,huti@eso.sz,about,9
6882409c-5042-57f0-895b-b6c1ed32b670,tes@paha.fr,news,6
181f1e4e-601f-525e-9627-0631775c13aa,zo@rekof.mw,about,4
d3751292-2236-57fc-9b2a-efdfa52b67e0,hoeno@wenfeh.pl,contact,5
f51cd34a-e69a-5c20-a2fe-fa53fbe935a1,gabakwi@cu.bw,contact,9
f395f5d4-9b30-5893-b733-a7eac32e6b79,foguhcu@olo.km,contact,4
799b179c-a2ee-5f82-8ab7-351c0cd8c221,vuhvolca@je.ec,contact,7
76a00a3b-a656-59dc-a988-aba6e4f66a5f,vodis@kulvan.at,about,8
604757c0-adfe-5fc1-b25c-351b834d132a,vubi@isnum.edu,contact,8
af8c4518-1eeb-5bb4-82a7-a7e220f7d529,puki@pezje.lu,about,7
b8dcd67b-4e21-5804-91e8-06ceb1990274,lobdivhag@vibek.gd,contact,9
813fe9ec-0906-507b-92fc-3ce1bd5e14e7,oho@uz.bb,about,8
0aa72f3f-db31-5417-bd55-d0dbc97826cd,jomputhan@lareh.tz,about,7
83569a6e-d10b-55e1-a010-f76465f9cb29,huorami@regupka.je,contact,5
b5a1a002-3db4-55ca-9bed-46ed257af1a6,ma@faraz.tz,news,8
d4b199bb-1f69-50a2-ba04-ad91924f9a25,dudig@betnap.tj,news,5
bf9370a1-deff-52f1-81ee-d557d8c30b54,poezke@po.tj,news,8
7ed23f48-810d-5dc7-87e7-8140862a62d6,jijejkel@kelohvow.au,contact,6
0618dcb3-063b-51d7-a300-35e2c81ce140,run@elme.nf,news,4
da26424e-bd21-58ac-9061-d3dc2b1375c8,daj@ciwokcoj.cf,about,2
9d0946f2-79b5-5948-a08f-401296b7458c,pu@hanvuju.mv,contact,2
52a005a2-95f2-51f1-837a-cfcc9f145159,esbowbof@onubi.af,contact,5
77bd6264-9e23-5fd8-9b75-d76e5e09e666,vipufo@ipkihej.edu,news,5
c2d4c084-b3d4-5be0-b94a-58465e5c2988,lasefu@jugaher.nz,news,4
a5f56abd-57a9-5d8d-8ecc-e945282b01ea,cohrigun@hodvovwut.km,contact,7
40441bd4-6950-536e-969b-48aaa3d1bc77,rubobeg@bug.io,news,2
143662d6-f651-5708-8fde-f6ddcb8f8beb,dula@vezhevo.lc,contact,8
1743bd5b-e95f-5410-bdb8-4b47310d2bba,ziar@gusakad.tj,contact,7
1dd9a478-6cb9-5721-bcfa-74bf54f5606d,hicam@in.an,contact,1
2d91f2d3-6154-58f5-926a-b761cd55f566,ohjijaz@te.py,news,1
d15cb6a9-48d5-5a14-bf04-39b5872194da,gudtizveh@vezfal.sv,contact,2
581417d6-a2dc-5bc8-911f-1df0b1177113,liciv@ejap.pa,about,8
9568bf7c-4ffb-5e7e-aff9-1e1d9d79650e,jamutat@ve.cz,about,9
4a2568f7-6277-58b6-bd3b-a9e38b4fad32,ka@takohaw.lu,contact,3
0d9abdff-7e3d-5d46-8ce0-c5eac3d0f2d6,ji@potkip.in,about,6
3e2e07dd-4686-5623-b871-f30ef0a16fa5,towin@gagil.bq,about,2
651f0dc6-8c78-56a7-b054-a6eb9d724637,uwu@zabsepso.cy,contact,4
35d45a8d-95c0-5873-9462-adb56aa34bff,zumad@sigeb.im,news,1
590225cb-030f-5257-ab35-3b80432ea85c,omuab@pel.ai,about,6
95333251-d6fa-5c3d-8a9c-37010d1fb354,hagez@luhbe.gp,contact,5
6491c920-3542-538b-a9c6-ffda56a810da,zaofuboz@rovfut.az,news,7
df5030e2-8c74-5260-9444-0a2c3029182a,tow@esuke.gb,contact,5
bea98b2d-6ae3-50a6-927b-bfa8e94d24cd,ufota@okifi.mc,about,3
1b6a3e10-e455-5e4e-b73b-220d37cd34ef,natebas@eca.io,about,3
bff74744-287b-5db2-868e-62d79b24753b,vinhaj@uf.de,news,6
2a1495b2-47ea-52a6-a274-84186a6ab8d7,ropriko@des.va,contact,7
81d3df0e-041f-52cd-a4c4-9308271e661e,met@rirbob.na,news,7
6b4347e6-3bfb-5a76-938b-d07ebc8c890c,lu@girturbal.vn,about,4
d4e03514-e15f-5c3d-b716-246988b2b3a0,mebe@reowlu.ie,news,8
4f8c946a-8e9d-5355-8347-41cefb445243,dag@mehriltol.tr,about,7
535c64da-8919-51f5-a0b4-1279cc6905d3,itofizo@heorcon.lv,about,4
e01ffbcf-400f-563e-be23-a034590a18b2,nojloule@arace.mx,contact,8
13e5b44d-36be-5c5f-ab40-3861055cd9c4,dutu@vo.tc,news,9
99077561-2ece-5565-b129-81f5d1db536f,inuze@esos.tg,contact,4
a72a348d-1ebb-51d2-b554-9623d8fe3856,muktuhe@we.gs,about,1
d4b7884e-4a89-56d2-a4d3-8aa76250d68e,nujtatic@zazfiw.rs,news,7
3ee8cdff-199d-5ef6-8de6-0d46d27faed1,nubebwi@asa.zm,news,5
62bba54b-7a44-508b-9a1f-e6f5c2681df8,muahoob@apkot.sg,contact,2
fcd2aa67-db67-5354-a0d2-4d36891bae48,wuhga@gielo.mt,news,1
aaf644f6-4623-5574-ab77-c6070afa4bbc,ed@husni.om,news,8
e4ac59b3-086b-54f5-b704-cb325bde91fe,sutvehfer@cimda.tr,news,9
2ebeabb0-5bed-54ef-a82c-90ba49a43d0a,so@epgik.nu,about,5
834ad50c-32e7-547d-a1ea-1065b0afb12b,nudvo@wejijub.gh,contact,3
47e434ac-7e06-5935-ab1d-cab070d89c13,gujon@bukega.lr,about,9
44850dbd-708b-5929-88a0-d347876f5d26,vobgu@zeg.pa,about,9
5fa55312-910a-5040-af04-9cb5d7c17dd9,seg@otibaivu.com,about,2
eb239f00-9663-5fe2-84c4-c651eeb2ede7,civrun@fohegikat.ad,news,4
bf89f6de-5d85-5b00-8dec-e8e59d00c5c1,dun@kefo.mq,news,7
2c6cc07c-aaad-5fe4-bca5-55fb12c2ff6d,asenez@butud.gl,news,5
9ccb5a55-edf1-56d4-8977-4a4e74958a6d,juzeh@etru.km,about,2
06e71656-57cb-50e6-a745-9b02979a0e17,ka@ji.ga,contact,1
61e19bcd-ef3b-5258-9f48-3d8f1657fd67,sucuwgap@tohsajneb.org,contact,7
cae0b09f-2022-5973-9bf8-c299011ceff5,mu@afeboza.vn,news,2
521f0c38-9e71-521e-8651-dd57af51e388,pa@ho.ph,about,4
d9bf724b-bbba-5596-8fc9-92096fb91454,iczadko@uchonhe.net,about,4
26a751aa-52fc-5d1d-862b-1a88774913dc,madu@janan.eu,contact,8
f0e7c259-1d9b-5047-a9c2-31e79c083a40,mecnahi@vu.sr,about,4
ee49c8d7-efea-59cb-aadc-ffd69f5128b2,nigibel@larazriv.mh,contact,3
3726bc17-3ee9-5d26-a794-de70c08f05a6,dozhomjo@sade.do,contact,1
f17feaba-4229-5f05-89d7-fb8eb68fdf29,sunhug@ronjul.pr,contact,8
5500e9df-a365-5605-9637-6bc3e08c5d47,rucebehuw@ev.tk,about,1
d3147c8f-e431-5703-87e5-e6d624635dcd,ihnaig@zic.ss,contact,9
191b9e0c-7c2a-5731-b1b3-88dbe92d5f42,gilga@big.eu,contact,2
85186877-1868-5a88-b339-9407779f4ab8,nur@doic.cm,about,3
cb077213-b44a-5b07-bd27-23fae9a1320f,ne@ki.tg,news,1
be3c9281-4c8a-5ec8-a369-5506e2432e0c,zogvuhi@boh.ps,about,4
7227eff5-7010-5fd7-aba2-ea736941de19,nimari@sojce.ke,news,1
dc7f4bfb-cc78-5f17-bb37-5c61f90612a7,tufhum@awo.kz,news,1
d06afa29-c8f3-5232-ae5d-a352f0eed621,epo@fazug.gg,contact,2
7a930d5c-f958-56e6-8a48-bc97383abad5,tivcufni@cis.tp,contact,7
87998352-daa6-5c2f-a97f-bff09457b39b,souni@uvaokobep.tj,contact,6
5fef7d0d-ac4e-528b-a46d-21cc5fe6deda,wumjorji@kuto.vc,about,2
774669ea-ae0f-5aa8-8fd0-b9398c0b621c,kail@bowepe.in,contact,6
12e56fae-0546-5b21-99d0-59838a4ecaed,nic@cikeha.bg,news,4
876ae2b7-e986-5206-8fbb-94a167a44581,limjoru@er.ve,news,4
4c784502-6003-53ba-895a-096ea383d63a,cizpih@ubukagnic.nz,news,5
300a1e25-cc39-5d8c-b010-5037b136d44e,cam@livu.gs,news,7
a79165ff-5b7c-58e2-bdc8-918e87cf645f,aw@deke.cg,contact,9
1ad82875-21c8-5009-8500-8befa6ac94b7,en@ta.sz,about,4
c69895f1-7622-5a98-9f1b-d78b359031a2,heuvlik@ku.ls,contact,1
7d073bd6-3c53-5487-af1f-04737a8803a8,sogofri@te.my,news,5
f6dcbff7-92b2-54ae-84d1-908666e452cc,koz@fatmogeh.com,contact,3
c49b5793-3cc9-52a0-930a-c591311587e8,can@melko.cx,news,3
85ec8c3c-2804-511c-921f-cdf53a22f53d,kogged@etiziac.wf,news,8
b3a7bf55-9ac5-5472-8cb2-42fcfdbd5dca,jak@wuki.uz,contact,3
489791f1-7c2f-51a9-a050-eab6dd40afb0,iko@zoodijo.et,news,3
2c9d6be6-d66d-55b4-8d5a-5107cd352315,waffec@jobreve.tt,contact,6
eac0d7dd-31c3-535f-b04a-446bc0bfb353,me@birud.eh,news,4
6bd4ca53-ec8d-5df5-b45d-50a10e3c1819,kof@jopdez.ca,about,8
5e68bea4-7d89-5af5-83ea-146535a4f8de,bedi@fig.gf,news,2
e52498a4-5f98-5965-8add-552136e561a2,loficpu@pare.se,contact,6
4d5f5708-79ec-5ee7-92ae-87623ca7f4ad,ersa@er.dz,news,2
faa9a994-9cd3-5880-96d5-07f61104bdae,olu@bo.jm,contact,7
ef8767a8-318c-5e9d-a1bd-f012dfadf7b4,dijdoat@kob.ci,news,5
e92f16ff-1a96-5224-a1a2-cb67bf66b90c,ule@owifi.co,contact,8
495ba753-9591-5619-9180-7079a4457655,koroc@imotapal.pw,about,3
2316f11b-3231-5fa6-a5f0-bbd6278c051c,du@wan.gq,about,7
f196f37e-07fe-57af-ae11-381844aa9aea,melmof@ne.mt,news,8
a5769c58-bf92-5a16-8092-5ede0ea992d2,wa@apimiovo.pm,contact,9
7ed60dcb-ca74-5f59-b3fe-e36eb2d64e6c,suk@rogumuuti.gm,contact,5
64b18f19-2a2a-5155-80d4-d4aa41d179fd,ekood@vemwepi.td,news,8
49050aa5-82cf-53a7-8873-cf92d56d1c5b,owootuti@fehbuti.ee,news,7
a92f351f-1d16-5c6b-af0d-68898d93fc30,op@tujso.sd,contact,5
5d519ef8-6ef0-54d5-9964-10a8aaed8739,rahi@getudlin.eg,about,6
58b36fb6-2bfc-55e0-a85e-b635aec06724,ma@bujenle.bn,news,5
9fef6f77-dd6b-5226-bd2d-ce08dd838732,jelfam@sawipeh.cd,news,2
5288e80f-d93a-55b8-beb6-a576912b6bf8,oti@rijce.tt,news,8
e6f21b70-7646-5f34-b843-a6ecc6c890dd,zelpak@ocko.is,contact,8
f803d050-94eb-5a62-bdac-fc3068527724,okaje@jak.ph,contact,6
cbe54635-9206-5227-a5bd-c0dd9a688710,ecofarov@sitji.ua,news,5
e88d0d66-10da-5bec-812d-c9a7df57d264,sokfimu@ehpe.lt,news,4
6e6e9c24-12e3-5d76-ab77-71a72d403bba,zijohun@iv.fj,about,4
a7e605f0-6f80-5f6c-9285-975252e83574,hev@zez.er,about,3
915decea-6f9e-5190-a0e7-f660c76b9741,iricez@pu.aw,about,5
96efd51a-8c7d-5d7f-a8a5-8be7d4391a7c,dovpo@tuchefvan.dj,news,3
77bdff41-ecea-53e4-83eb-3bf23587ad80,dupujet@cekahiwa.cg,contact,1
218332a8-7a15-553b-adf2-f05cd110579b,kiec@fe.mx,news,7
7af8af49-da05-56d7-b6df-12c8e3181b64,sak@me.cg,about,1
95c59d5d-c5a0-5f35-9ba9-dff48c9097ca,jimi@nocenu.cv,about,4
e7904d2a-41cf-5d14-83eb-6affcac6b451,ta@ma.cx,news,2
079cc959-9d47-5e6e-bc94-d84fafd96771,wuj@bolripu.co,about,1
1d215cfd-5c29-5f09-a3b6-bb4ac504fd02,fotola@seizij.iq,contact,5
32fb755c-4a39-5170-b0be-9218e81d6cc2,vur@law.ug,news,8
747a0d16-fa8f-58bd-bae8-8147f08e14b8,evu@dul.se,contact,6
787e4b17-d172-5b0b-a439-00a5573c79b3,jewda@degkos.cm,news,9
652a888c-34c4-5847-b95c-b89261c3e7e2,kad@uf.bf,about,3
31d52af8-9a12-5bf2-ad90-204104a5e733,dicef@nis.ag,news,6
405fdc63-601b-5906-ae92-ed214e5af7e2,evubevduw@kowoh.fj,news,8
fc810a58-38bd-5668-a241-faf39f936e0d,dimgi@wuhbezvec.mh,news,8
775d1e50-efdb-532d-ada8-2987f63aa83e,umru@tonepibu.se,about,4
4a288b4f-82de-5db6-bd31-8c28df387c48,hojte@miov.ne,about,1
d359c886-afa9-59b2-b1b4-6b6f5c90ce72,cutec@wa.sx,about,3
a9bd5e1d-4928-56dd-81f4-d456356f90ea,savmep@ur.co,about,3
b24a14ff-f4bc-572b-8d33-cb3ef3688bfa,sapcodke@su.uz,contact,1
9c187775-c81b-5d6e-b07c-cf85656cfef7,me@urelew.tl,about,8
c2cfd8b5-a7fd-5c66-8c85-1989ba242aa5,kiraz@udi.bm,contact,5
98ce2080-3323-54cd-897e-4711df3dc19a,gutkocjem@me.ci,contact,3
6bb6f7a8-4c8a-5097-94fd-4f897b5814e5,damodu@ni.pf,news,6
8c08fa83-a16c-5054-924b-55e4f8d0a466,bek@zobuwumaj.td,about,9
c5f59236-ea22-58bb-9400-361e78029485,vankovec@nimveb.ve,news,9
bf7844eb-7f2f-568c-832b-a19b93d370b2,vu@vutodde.ba,news,3
92b76cc5-57ec-5fd0-8c1a-b5ea8e7e5f68,mirgimiv@zafe.cm,about,8
f00cf371-4def-54e4-bafc-078f4465b13c,fe@huh.bb,news,2
975d6f1d-9d55-5e76-9bf4-be14d8b05ba2,ke@diduiha.pm,news,3
e3631761-dada-5d17-a189-c1145615ccb8,pufevu@keziziw.mq,about,5
dabb712f-028c-595d-8031-1bd316edd5db,ozadev@zu.ls,news,9
ad74ccd9-355e-5d25-bb4a-7bd1e093e8b4,mualuhu@wiv.km,about,4
e8f81031-8e60-55bf-aa40-53c2e166e55c,ehi@oho.sg,contact,8
1854701d-1c77-556f-88ac-b56199238bd9,de@ilururu.cl,news,7
a8f391c3-9d3f-5b61-aea8-22600a8af1ce,zame@hufat.td,contact,9
28f3d92c-cbf9-5cee-924b-46d3b09bc3f2,ri@aputak.ss,about,6
b058c54e-dea7-5ee4-9241-995ff2f64646,si@wiha.cw,contact,7
508c8245-efe8-5def-ae20-bb7d71f10da6,mul@faom.sn,contact,9
fd4fd104-d1bb-5f69-b932-dc752825338d,nonjodcis@gutibec.cu,about,1
044248c7-14c5-52f3-9569-036f24c55a25,pe@titinbij.com,contact,8
e99bbe28-3e02-5a91-96fe-4041664664cb,puhnaz@halad.cg,news,9
992b11fb-799e-5467-a858-4cfc950fdbc4,rukebwol@ulifbum.ga,about,2
78e3b3bb-1891-5de8-989e-c5f91715d330,eze@ateezji.ir,about,2
e2fcc02c-79d6-5fdd-9232-f739cbeefb2f,jovodima@gejmah.pm,news,5
c17e19d2-9999-51c0-972b-0c39905e7e79,ircit@uzfuuh.gp,about,5
74ddb564-3cb4-5a7f-bcde-0de889376859,dep@ufuulerak.tv,news,2
a2500644-b74a-5377-9d3a-c34129112549,taharvi@lufaj.mk,about,2
303e9252-f12a-59fb-88c3-8e1af115d7f6,su@cole.eh,contact,2
3f754d1c-4257-57d0-b39b-aefa94fc675a,wenjupava@aseajfuv.be,contact,3
c5cdb736-0f82-51d9-859b-2bf82c12e28a,jon@tahihfe.gu,news,9
f02ffd84-5bff-5903-9043-eebb1f5d8876,utu@him.cg,contact,7
ae1424a9-b1d2-539a-b0d4-6c742c244b1f,pi@no.tg,news,9
270f25a1-e745-5fc5-a5ce-a5e8a05db73a,eznu@legnofep.cx,contact,9
25e38281-38ef-51bd-a9de-8bc1da1e9b83,uju@du.uk,about,3
522a4b37-6001-58fb-8fd0-199552081b89,cemew@ic.gf,news,5
d216c1fe-c937-5242-aaa5-520277305806,sehval@dienemi.bt,news,5
1972a0af-522a-508e-8a11-8f629cf5b737,ju@pafdoofe.py,news,8
97e11adb-b4f2-5390-8cf7-1f1efd068580,luzih@fujufep.co.uk,news,3
cfb30a13-ac6d-5715-b529-c536a8c99604,pi@vammu.br,contact,7
301f9b65-58be-5345-a26f-735de2ffaee4,ogazod@nufibon.re,about,8
e952499d-8b5b-5b62-87ba-e9288e06a665,fer@up.mz,news,5
7c5cfea0-5d56-5ba1-83be-441204d7cb2b,wugimako@abaweaca.gy,contact,6
aea2baf1-9647-52f9-b5df-4a4385fd3505,tiker@wor.lu,about,5
1d40c038-2e66-5f9f-a0b5-63cadb65a427,niwoob@zom.uy,contact,6
18c91709-04a0-5803-8602-8bad8a752391,uphoh@ucwec.fj,about,6
97e940d6-bf95-5739-9140-e531c53255c9,ahra@guz.vu,about,2
8bb6426f-975c-5a76-824d-6117854ab261,octo@roze.ht,contact,6
60ee1861-9789-5e00-8ee4-c892c5fcd51a,fefu@dotazac.co,about,5
0d3104c2-a54d-573e-8e0a-df08b27ed1e6,pir@manaki.ar,about,5
0d4b9918-98f1-5660-a0b1-d901a73b5705,bielugil@nolikocen.au,about,7
fec6d5d6-1283-5e9a-a267-dc3bfb024157,wacsa@pohle.ve,contact,8
bfa832b9-b6eb-5b17-988b-305d1a47739e,zavpikuzu@zuni.tt,contact,8
8d8de22d-4bbe-5365-995a-8783a05d7100,biivokaf@kida.jo,about,6
305932a9-1607-545f-91f7-f756056650d3,aju@cuvas.et,contact,5
56488dba-566a-5da7-8f49-d9f7ab292efd,kiv@pidu.fm,contact,3
b913506a-9ebf-5b8f-80b8-de0114ef4b21,kaceg@fi.ms,about,6
9826c018-fda5-5144-b5f6-ee3e7147a11b,temtob@dug.tv,about,2
61d416fc-fb45-53c8-b9c5-066d7a261ac2,orrare@er.va,contact,3
a2cfb0e2-80d4-5bda-8260-e471080fc314,elagjud@gom.ru,about,3
54b7d9c3-e9df-50e0-aaf1-bad2e3aae51f,virzo@cithopi.pn,contact,8
c984a765-3f2b-5073-bb1c-d749e48cf829,murko@de.dj,about,5
ceb82f9d-e77a-5d3d-924c-802cf752a8c6,raino@cugine.er,contact,6
521d5d72-f6f0-5287-8be2-2a824f73385a,cozuj@enladit.se,news,4
50cfe4de-7451-5454-b0e1-bd5a3a8df042,lancifam@hip.do,about,2
fde75c95-53a2-5211-a456-1f69bb9b40c6,fo@waipzak.ws,about,6
b175a207-18e3-5b23-ab34-3b18fddd1545,lupodcuj@hil.kz,news,8
d5eb32b1-7eb6-5294-a7c5-52fd4b5661a2,vazwac@nanume.se,about,7
f8cdc1cd-aff3-5fc0-9dc1-b6dd022f0df4,ludanto@guhofake.ky,news,3
bec08cec-644e-5faf-bc2d-51f07fbefc82,lezde@gerza.cx,contact,7
d51549ce-8ed1-51b1-9426-57c82f4b15d6,hez@ispot.ie,contact,4
08bcb6f8-e795-5567-8681-cf67c3c845b1,jehtaeze@ninim.ng,news,4
0084bb0e-ed03-5520-a235-49ea96e5ad41,juja@gosac.se,contact,6
66d09b11-1c53-514c-9e92-6767a6811ba5,hote@mucet.ms,about,9
18d17d15-a95e-5faa-bb61-1bcfb3504985,tev@tespabha.ga,news,7
83e0bab2-ce50-5411-9be4-ff3b412d7713,fu@cubo.so,contact,8
84edc354-9cef-516c-b011-d45da5876bca,nir@mo.na,about,3
c93cb1e8-7f93-55ad-97dc-f692d5073547,pifju@dingu.in,about,8
17161ac5-dd4c-5ddd-947d-c09b041fb2ba,ka@lek.np,news,9
00159dca-a7b6-5a79-bcaa-d709fc9bf964,duijdeh@rid.su,about,8
a6db48b9-ce2b-5490-9014-0dcb5d552e6b,cuhamkam@te.ml,about,6
13d7e290-6ce6-56c3-a450-eadcaaa76a6b,gavan@vo.dk,contact,5
c7210a4e-48d8-58d1-9515-8165b082c005,punukpi@dagci.lt,news,2
f81db779-c2b4-5cc3-b915-972a46936afd,hufcape@nev.ng,contact,6
aedc13d6-2f2f-5b71-a7f7-9e8dad17c800,egizezus@bumjos.uz,contact,9
7baa22ae-5f13-5010-a715-48567e4a91b6,cude@tir.bq,contact,6
870d23f5-d854-508d-8ac1-36bf2b15ca71,cak@muhhofbeb.va,news,9
acb75eb8-69d1-50be-9949-ec03ffa285bb,za@sohulo.tf,about,6
951daf4b-a08e-54c0-9107-a6777b470ddb,ih@vebur.mp,news,8
48f4268f-d1d2-56a3-a316-d4f50c7deed0,neaktu@ucaboj.ua,about,2
92d306ef-a691-5fd9-b83e-d3b3062ed33c,ducihe@giwi.ug,news,9
928182f0-44f9-5020-b4d0-fb673f3669dc,tahake@waw.ws,contact,3
ae0f2ce0-b90e-5eb4-b376-a905e959428f,wud@uc.sz,about,3
0a7b8f07-f1bd-52e7-848d-21ced96a4bec,kecbi@lugniztum.se,news,4
3f7a5d4b-b3b5-5ff6-96d6-9025249d09d0,terilwud@wigocu.mo,news,5
1b51c27a-4ab3-514f-a0e3-b7de804daac8,uw@biz.as,about,5
a2aed9ce-a79a-5359-bc2e-9eef08edb7e8,urogi@ut.np,about,9
1d5545cf-2ffe-5103-9200-3f33d856778d,cipwozfaz@wu.nf,news,3
400691a5-2c9c-5646-bc17-5de36817d45d,usasa@pajveuto.am,contact,6
2a09823f-5147-5a57-a7c1-b35fa24c1130,razzug@udivavfi.gg,about,2
f275212d-feb8-571e-a2ef-25785593ab24,dawwamat@gam.vc,about,2
4169d51d-e905-51dc-93ed-9b56849c6b36,rawfeci@za.my,contact,9
38f2fed9-cb3a-50ad-9cb5-fa65402d527b,ami@jor.al,news,7
b81c8651-6d80-5c19-be10-8f6e277b3790,hodacomop@gapu.lb,news,9
36c84de7-cbaf-5977-a521-ae072f2f2798,mub@oksuju.kn,about,1
2b92c4bb-a8c4-5e1a-9907-e902f480b278,lewvuvep@gaetuwo.af,about,8
8e270d2e-a731-516d-b25c-df3e3aa96336,ce@lopba.cw,news,4
ce8bc2be-b0ae-5b57-aa50-d6600c6a9713,no@locisukez.bq,about,8
a70a5e78-e1ac-5b39-9967-cf18af33bc23,uwkore@gi.er,about,6
b4f1d67c-2c70-5fa6-b7f2-fa3c150f2bf0,ibeotces@rahzigtav.net,contact,3
fea3f140-b567-57fd-8a8f-ee7db0c4addf,zewdaw@usgukas.eu,contact,5
8883f76f-b915-55b3-a584-6df96a47aee7,kucuc@raza.mr,about,4
8e0b6ca6-64f8-5d4c-860d-2661374d8977,bik@zubnem.mr,news,6
39e51670-22b7-5aaf-8f8a-75759b1d08b7,meru@reune.uk,contact,4
b63debf5-3e45-5a7d-a48e-ffa940fbf692,ewejgut@ikedala.com,contact,3
2c541b5f-f436-53b3-aa18-6472e73103da,bu@makbeci.ir,contact,7
33f960fa-8d4e-59fa-812c-2cc733d7b638,jak@iri.gm,about,1
e33d604b-8458-533c-ada8-8ae016a9821a,vasimre@cunti.dk,news,8
02e46598-8837-5cd2-9e92-c66157d01f1b,ziwezedo@fewwud.to,contact,8
2e47f0df-46e2-5c38-817e-9d5a1d05e96d,sobicak@womid.re,contact,4
d531024c-2b75-541d-a0dd-813c5c40f262,ah@homut.mm,about,8
8ffb0ad6-963a-53f7-afa9-9e52a8defa95,te@gipci.im,about,3
37379be6-3558-5712-a568-2ff087c3df0f,ehoudjon@pa.ru,about,3
48ccbffa-fa73-57fc-888d-e5833045693b,li@hoz.rs,contact,3
ffe28a9e-3068-5a80-a14a-30f55d0a8b9c,jinaime@akizonpo.pg,about,7
9457028c-ad5e-55a6-b641-415319ce4ae6,doase@suaha.edu,contact,9
efa210e1-7412-5591-973f-a7bf72edda8c,vemwopot@mil.hm,about,6
11111ed0-1282-5f66-a58a-e4457db7bde1,waja@ijru.er,contact,3
99baf8f2-d59f-5e5b-98b0-500f025a61b2,foseho@bihpew.fm,contact,2
ffadb039-5022-5983-b567-92cdf3a593fb,dugiri@pihwebut.lb,about,5
a326a414-b70d-521b-91dd-1558bc8b49be,zikafumi@ir.tt,about,9
cb765689-0cb7-5d92-b812-5ac81e428144,gubojidis@guttu.np,contact,2
910b0c61-2b1e-5569-a0b1-f6975735cf2d,alo@dokahdat.lc,contact,7
a8db99b7-f2fb-5330-90e5-06ba2cb45461,timzela@nephigo.pl,about,1
8b6852f1-d95b-59b1-93d5-64e4450d4211,roloveb@uhic.au,news,8
7be24576-ebfa-5957-9041-357ccbf445a8,vanhaga@ib.mm,contact,7
0cc909e0-abb1-5e1a-b1b8-63113957dad4,tucfosmul@nieli.tf,about,7
b56b5dbe-46e8-5b38-b279-89ac4e6cee41,ufe@sizobiv.sd,about,3
8ee37f64-c1af-5532-a977-4c7ab06e448b,adofuusa@erimaw.bn,contact,6
06e0962e-4216-56c2-b60f-ef2126af09f7,zefiiw@ocatipgat.lr,about,2
